<?xml version="1.0" encoding="UTF-8"?>

<ActivityDefinition xmlns="http://hl7.org/fhir">
  <id value="ProphylacticAnticoagulationWTinzaparin"/>
  <meta>
    <profile value="https://www.netzwerk-universitaetsmedizin.de/fhir/cpg-on-ebm-on-fhir/StructureDefinition/drug-administration-action"/>
  </meta>
  <text>
    <status value="generated"/><div xmlns="http://www.w3.org/1999/xhtml"><p class="res-header-id"><b>Generated Narrative: ActivityDefinition ProphylacticAnticoagulationWTinzaparin</b></p><a name="ProphylacticAnticoagulationWTinzaparin"> </a><a name="hcProphylacticAnticoagulationWTinzaparin"> </a><a name="ProphylacticAnticoagulationWTinzaparin-en-US"> </a><p><b>url</b>: <a href="ActivityDefinition-ProphylacticAnticoagulationWTinzaparin.html">ActivityDefinition Antithrombotic prophylaxis with Tinzaparin</a></p><p><b>version</b>: 0.1</p><p><b>name</b>: ProphylacticTinzaparinApplicationActivity</p><p><b>title</b>: Antithrombotic prophylaxis with Tinzaparin</p><p><b>status</b>: Active</p><p><b>experimental</b>: true</p><p><b>subject</b>: <span title="Codes:{http://hl7.org/fhir/fhir-types Patient}">Patient</span></p><p><b>date</b>: 2024-08-07 14:55:39+0000</p><p><b>publisher</b>: NUM CODEX+ CELIDA</p><p><b>description</b>: </p><div><p>Antithrombotic prophylaxis with Tinzaparin in hospitalised COVID-19 patients</p>
</div><p><b>kind</b>: MedicationRequest</p><p><b>code</b>: <span title="Codes:{http://snomed.info/sct 432102000}">Administration of substance (procedure)</span></p><p><b>product</b>: <span title="Codes:{http://snomed.info/sct 412608008}, {http://fhir.de/CodeSystem/bfarm/atc B01AB10}">Tinzaparin (substance)</span></p><blockquote><p><b>dosage</b></p></blockquote></div>
  </text>
  <extension url="http://hl7.org/fhir/uv/cpg/StructureDefinition/cpg-knowledgeCapability">
    <valueCode value="computable"/>
  </extension>
  <extension url="http://hl7.org/fhir/uv/cpg/StructureDefinition/cpg-knowledgeRepresentationLevel">
    <valueCode value="structured"/>
  </extension>
  <url value="https://www.netzwerk-universitaetsmedizin.de/fhir/codex-celida/guideline/covid19-inpatient-therapy/recommended-action/drug-administration-action/antithrombotic-prophylaxis-tinzaparin-administration"/>
  <version value="0.1"/>
  <name value="ProphylacticTinzaparinApplicationActivity"/>
  <title value="Antithrombotic prophylaxis with Tinzaparin"/>
  <status value="active"/>
  <experimental value="true"/>
  <subjectCodeableConcept>
    <coding>
      <system value="http://hl7.org/fhir/fhir-types"/>
      <code value="Patient"/>
    </coding>
  </subjectCodeableConcept>
  <date value="2024-08-07T14:55:39+00:00"/>
  <publisher value="NUM CODEX+ CELIDA"/>
  <description value="Antithrombotic prophylaxis with Tinzaparin in hospitalised COVID-19 patients"/>
  <kind value="MedicationRequest"/>
  <code>
    <coding>
      <system value="http://snomed.info/sct"/>
      <code value="432102000"/>
      <display value="Administration of substance (procedure)"/>
    </coding>
  </code>
  <productCodeableConcept>
    <coding>
      <system value="http://snomed.info/sct"/>
      <code value="412608008"/>
      <display value="Tinzaparin (substance)"/>
    </coding>
    <coding>
      <system value="http://fhir.de/CodeSystem/bfarm/atc"/>
      <code value="B01AB10"/>
      <display value="Tinzaparin"/>
    </coding>
  </productCodeableConcept>
  <dosage>
    <timing>
      <repeat>
        <frequency value="1"/>
        <period value="1"/>
        <periodUnit value="d"/>
      </repeat>
    </timing>
    <route>
      <coding>
        <system value="http://snomed.info/sct"/>
        <code value="34206005"/>
        <display value="Subcutaneous route (qualifier value)"/>
      </coding>
    </route>
    <doseAndRate>
      <doseQuantity>
        <value value="3500"/>
        <unit value="IU"/>
        <system value="http://unitsofmeasure.org"/>
        <code value="[iU]"/>
      </doseQuantity>
    </doseAndRate>
  </dosage>
</ActivityDefinition>