<?xml version="1.0" encoding="UTF-8"?>

<EvidenceVariable xmlns="http://hl7.org/fhir">
  <id value="PopHospitalisedICUCOVID19Patients"/>
  <meta>
    <profile value="https://www.netzwerk-universitaetsmedizin.de/fhir/cpg-on-ebm-on-fhir/StructureDefinition/recommendation-eligibility-criteria"/>
  </meta>
  <text>
    <status value="generated"/><div xmlns="http://www.w3.org/1999/xhtml"><p class="res-header-id"><b>Generated Narrative: EvidenceVariable PopHospitalisedICUCOVID19Patients</b></p><a name="PopHospitalisedICUCOVID19Patients"> </a><a name="hcPopHospitalisedICUCOVID19Patients"> </a><a name="PopHospitalisedICUCOVID19Patients-en-US"> </a><p><b>url</b>: <a href="EvidenceVariable-PopHospitalisedICUCOVID19Patients.html">EvidenceVariable Hospitalised COVID-19 patients, treated on ICU, without thrombembolic complication</a></p><p><b>identifier</b>: <code>https://www.ceosys.de</code>/HospitalICUCOVID19WOThrombembolic</p><p><b>name</b>: COVID19_ICU_patients_without_thrombembolic complication</p><p><b>title</b>: Hospitalised COVID-19 patients, treated on ICU, without thrombembolic complication</p><p><b>status</b>: Active</p><p><b>date</b>: 2024-08-07 14:55:39+0000</p><p><b>description</b>: </p><div><p>COVID 19 patients without a thrombembolic complication</p>
</div><p><b>actual</b>: false</p><blockquote><p><b>characteristic</b></p><p><b>exclude</b>: true</p><blockquote><p><b>definitionByCombination</b></p><p><b>code</b>: Any of</p><blockquote><p><b>characteristic</b></p></blockquote><blockquote><p><b>characteristic</b></p></blockquote><blockquote><p><b>characteristic</b></p></blockquote></blockquote></blockquote><blockquote><p><b>characteristic</b></p><p><b>linkId</b>: covid19</p><p><b>exclude</b>: false</p><h3>DefinitionByTypeAndValues</h3><table class="grid"><tr><td style="display: none">-</td><td><b>Type</b></td><td><b>Value[x]</b></td></tr><tr><td style="display: none">*</td><td><span title="Codes:{http://snomed.info/sct 404684003}">Clinical finding (finding)</span></td><td><span title="Codes:{http://snomed.info/sct 840539006}">Disease caused by Severe acute respiratory syndrome coronavirus 2 (disorder)</span></td></tr></table></blockquote><blockquote><p><b>characteristic</b></p><p><b>linkId</b>: intensive-care-treatment</p><p><b>exclude</b>: false</p><h3>DefinitionByTypeAndValues</h3><table class="grid"><tr><td style="display: none">-</td><td><b>Type</b></td><td><b>Value[x]</b></td></tr><tr><td style="display: none">*</td><td><span title="Codes:{http://loinc.org 78030-4}">Episode of care Type</span></td><td><span title="Codes:{http://fhir.de/CodeSystem/kontaktart-de intensivstationaer}">Intensivstationär</span></td></tr></table></blockquote></div>
  </text>
  <url value="https://www.netzwerk-universitaetsmedizin.de/fhir/codex-celida/guideline/covid19-inpatient-therapy/population/hospitalised-icu-covid19-patients-without-thrombembolic-complication"/>
  <identifier>
    <system value="https://www.ceosys.de"/>
    <value value="HospitalICUCOVID19WOThrombembolic"/>
  </identifier>
  <name value="COVID19_ICU_patients_without_thrombembolic complication"/>
  <title value="Hospitalised COVID-19 patients, treated on ICU, without thrombembolic complication"/>
  <status value="active"/>
  <date value="2024-08-07T14:55:39+00:00"/>
  <description value="COVID 19 patients without a thrombembolic complication"/>
  <actual value="false"/>
  <characteristic>
    <exclude value="true"/>
    <definitionByCombination>
      <code value="any-of"/>
      <characteristic>
        <linkId value="venous-thrombosis"/>
        <exclude value="false"/>
        <definitionByTypeAndValue>
          <type>
            <coding>
              <system value="http://snomed.info/sct"/>
              <code value="404684003"/>
              <display value="Clinical finding (finding)"/>
            </coding>
          </type>
          <valueCodeableConcept>
            <coding>
              <system value="http://snomed.info/sct"/>
              <code value="111293003"/>
              <display value="Venous Thrombosis"/>
            </coding>
          </valueCodeableConcept>
        </definitionByTypeAndValue>
      </characteristic>
      <characteristic>
        <linkId value="pulmonary-embolism"/>
        <exclude value="false"/>
        <definitionByTypeAndValue>
          <type>
            <coding>
              <system value="http://snomed.info/sct"/>
              <code value="404684003"/>
              <display value="Clinical finding (finding)"/>
            </coding>
          </type>
          <valueCodeableConcept>
            <coding>
              <system value="http://snomed.info/sct"/>
              <code value="59282003"/>
              <display value="Pulmonary embolism (disorder)"/>
            </coding>
          </valueCodeableConcept>
        </definitionByTypeAndValue>
      </characteristic>
      <characteristic>
        <linkId value="atrial-fibrillation"/>
        <exclude value="false"/>
        <definitionByTypeAndValue>
          <type>
            <coding>
              <system value="http://snomed.info/sct"/>
              <code value="404684003"/>
              <display value="Clinical finding (finding)"/>
            </coding>
          </type>
          <valueCodeableConcept>
            <coding>
              <system value="http://snomed.info/sct"/>
              <code value="49436004"/>
              <display value="Atrial fibrillation (disorder)"/>
            </coding>
          </valueCodeableConcept>
        </definitionByTypeAndValue>
      </characteristic>
    </definitionByCombination>
  </characteristic>
  <characteristic>
    <linkId value="covid19"/>
    <exclude value="false"/>
    <definitionByTypeAndValue>
      <type>
        <coding>
          <system value="http://snomed.info/sct"/>
          <code value="404684003"/>
          <display value="Clinical finding (finding)"/>
        </coding>
      </type>
      <valueCodeableConcept>
        <coding>
          <system value="http://snomed.info/sct"/>
          <code value="840539006"/>
          <display value="Disease caused by Severe acute respiratory syndrome coronavirus 2 (disorder)"/>
        </coding>
      </valueCodeableConcept>
    </definitionByTypeAndValue>
  </characteristic>
  <characteristic>
    <linkId value="intensive-care-treatment"/>
    <exclude value="false"/>
    <definitionByTypeAndValue>
      <type>
        <coding>
          <system value="http://loinc.org"/>
          <code value="78030-4"/>
          <display value="Episode of care Type"/>
        </coding>
      </type>
      <valueCodeableConcept>
        <coding>
          <system value="http://fhir.de/CodeSystem/kontaktart-de"/>
          <code value="intensivstationaer"/>
          <display value="Intensivstationär"/>
        </coding>
      </valueCodeableConcept>
    </definitionByTypeAndValue>
  </characteristic>
</EvidenceVariable>