<?xml version="1.0" encoding="UTF-8"?>

<PlanDefinition xmlns="http://hl7.org/fhir">
  <id value="VentilatedARDSPatientsInterventionPlan"/>
  <meta>
    <profile value="https://www.netzwerk-universitaetsmedizin.de/fhir/cpg-on-ebm-on-fhir/StructureDefinition/recommendation-plan"/>
  </meta>
  <text>
    <status value="generated"/><div xmlns="http://www.w3.org/1999/xhtml"><p class="res-header-id"><b>Generated Narrative: PlanDefinition VentilatedARDSPatientsInterventionPlan</b></p><a name="VentilatedARDSPatientsInterventionPlan"> </a><a name="hcVentilatedARDSPatientsInterventionPlan"> </a><a name="VentilatedARDSPatientsInterventionPlan-en-US"> </a><p><b>url</b>: <a href="PlanDefinition-VentilatedARDSPatientsInterventionPlan.html">PlanDefinition Ventilation parameters for patients with ARDS</a></p><p><b>version</b>: 7.0</p><p><b>name</b>: Ventilation_Plan_ARDS</p><p><b>title</b>: Ventilation parameters for patients with ARDS</p><p><b>type</b>: <span title="Codes:{http://terminology.hl7.org/CodeSystem/plan-definition-type eca-rule}">ECA Rule</span></p><p><b>status</b>: Active</p><p><b>experimental</b>: true</p><p><b>subject</b>: <a href="EvidenceVariable-PopulationVentilatedARDSPatients.html">Population: Ventilated patients with ARDS</a></p><p><b>date</b>: 2022-02</p><p><b>publisher</b>: NUM CODEX+ CELIDA</p><p><b>description</b>: </p><div><p>We recommend ventilating patients with ARDS with a VT ≤ 6 ml/kg standard body weight (bw). (Table 1, Appendix)</p>
</div><blockquote><p><b>goal</b></p><blockquote><p><b>id</b></p>tidal-volume-ARDS-goal</blockquote><p><b>category</b>: <span title="Codes:{http://snomed.info/sct 385857005}">Ventilator care and adjustment (regime/therapy)</span></p><p><b>description</b>: <span title="Codes:">Tidal volume ≤ 6 ml/kg standard body weight</span></p><h3>Targets</h3><table class="grid"><tr><td style="display: none">-</td><td><b>Measure</b></td><td><b>Detail[x]</b></td></tr><tr><td style="display: none">*</td><td><span title="Codes:{https://www.netzwerk-universitaetsmedizin.de/fhir/codex-celida/CodeSystem/codex-celida tvpibw}">Tidal volume / ideal body weight (ARDSnet)</span></td><td>?-6</td></tr></table></blockquote><h3>Actions</h3><table class="grid"><tr><td style="display: none">-</td><td><b>Code</b></td><td><b>GoalId</b></td></tr><tr><td style="display: none">*</td><td><span title="Codes:{http://snomed.info/sct 410210009}">Ventilator care management (procedure)</span></td><td>tidal-volume-ARDS-goal</td></tr></table></div>
  </text>
  <extension url="http://hl7.org/fhir/uv/cpg/StructureDefinition/cpg-knowledgeCapability">
    <valueCode value="computable"/>
  </extension>
  <extension url="http://hl7.org/fhir/uv/cpg/StructureDefinition/cpg-knowledgeRepresentationLevel">
    <valueCode value="structured"/>
  </extension>
  <extension url="http://hl7.org/fhir/uv/cpg/StructureDefinition/cpg-partOf">
    <valueCanonical value="https://www.netzwerk-universitaetsmedizin.de/fhir/codex-celida/guideline/sepsis/recommendation/ventilation-plan-ards-tidal-volume"/>
  </extension>
  <extension url="https://www.netzwerk-universitaetsmedizin.de/fhir/cpg-on-ebm-on-fhir/StructureDefinition/ext-action-combination-method">
    <extension url="method">
      <valueCodeableConcept>
        <coding>
          <system value="https://www.netzwerk-universitaetsmedizin.de/fhir/cpg-on-ebm-on-fhir/CodeSystem/cs-action-combination-method"/>
          <code value="all"/>
        </coding>
      </valueCodeableConcept>
    </extension>
  </extension>
  <url value="https://www.netzwerk-universitaetsmedizin.de/fhir/codex-celida/guideline/sepsis/intervention-plan/ventilation-ARDS-plan"/>
  <version value="7.0"/>
  <name value="Ventilation_Plan_ARDS"/>
  <title value="Ventilation parameters for patients with ARDS"/>
  <type>
    <coding>
      <system value="http://terminology.hl7.org/CodeSystem/plan-definition-type"/>
      <code value="eca-rule"/>
    </coding>
  </type>
  <status value="active"/>
  <experimental value="true"/>
  <subjectCanonical value="https://www.netzwerk-universitaetsmedizin.de/fhir/codex-celida/guideline/sepsis/population/ventilated-patients-with-ards"/>
  <date value="2022-02"/>
  <publisher value="NUM CODEX+ CELIDA"/>
  <description value="We recommend ventilating patients with ARDS with a VT ≤ 6 ml/kg standard body weight (bw). (Table 1, Appendix)"/>
  <goal id="tidal-volume-ARDS-goal">
    <category>
      <coding>
        <system value="http://snomed.info/sct"/>
        <code value="385857005"/>
        <display value="Ventilator care and adjustment (regime/therapy)"/>
      </coding>
    </category>
    <description>
      <text value="Tidal volume ≤ 6 ml/kg standard body weight"/>
    </description>
    <target>
      <measure>
        <coding>
          <system value="https://www.netzwerk-universitaetsmedizin.de/fhir/codex-celida/CodeSystem/codex-celida"/>
          <code value="tvpibw"/>
          <display value="Tidal volume / ideal body weight (ARDSnet)"/>
        </coding>
      </measure>
      <detailRange>
        <high>
          <value value="6"/>
          <unit value="ml/kg"/>
          <system value="http://unitsofmeasure.org"/>
          <code value="ml/kg"/>
        </high>
      </detailRange>
    </target>
  </goal>
  <action>
    <code>
      <coding>
        <system value="http://snomed.info/sct"/>
        <code value="410210009"/>
        <display value="Ventilator care management (procedure)"/>
      </coding>
    </code>
    <goalId value="tidal-volume-ARDS-goal"/>
  </action>
</PlanDefinition>