<?xml version="1.0" encoding="UTF-8"?>

<PlanDefinition xmlns="http://hl7.org/fhir">
  <id value="VentilatedCOVID19patientsInterventionPlan-fio2-point5"/>
  <meta>
    <profile value="https://www.netzwerk-universitaetsmedizin.de/fhir/cpg-on-ebm-on-fhir/StructureDefinition/recommendation-plan"/>
  </meta>
  <text>
    <status value="generated"/><div xmlns="http://www.w3.org/1999/xhtml"><p class="res-header-id"><b>Generated Narrative: PlanDefinition VentilatedCOVID19patientsInterventionPlan-fio2-point5</b></p><a name="VentilatedCOVID19patientsInterventionPlan-fio2-point5"> </a><a name="hcVentilatedCOVID19patientsInterventionPlan-fio2-point5"> </a><a name="VentilatedCOVID19patientsInterventionPlan-fio2-point5-en-US"> </a><p><b>url</b>: <a href="PlanDefinition-VentilatedCOVID19patientsInterventionPlan-fio2-point5.html">PlanDefinition PEEP Intervention plan for COVID-19 patients, inspiratory oxygen fraction currently 0.5 - 0.59</a></p><p><b>identifier</b>: PEEPPlanCOVIDPatients_OxygenFraction-0.5</p><p><b>version</b>: 7.0</p><p><b>name</b>: PEEP_Intervention_Plan_FiO2_0.5</p><p><b>title</b>: PEEP Intervention plan for COVID-19 patients, inspiratory oxygen fraction currently 0.5 - 0.59</p><p><b>type</b>: <span title="Codes:{http://terminology.hl7.org/CodeSystem/plan-definition-type eca-rule}">ECA Rule</span></p><p><b>status</b>: Active</p><p><b>experimental</b>: true</p><p><b>subject</b>: <a href="EvidenceVariable-PopulationVentilatedCOVID19patients-fio2-point5.html">Population: Ventilated COVID-19 Patients, inspiratory oxygen fraction currently 0.5</a></p><p><b>date</b>: 2022-02</p><p><b>publisher</b>: NUM CODEX+ CELIDA</p><p><b>description</b>: </p><div><p>PEEP Intervention Plan for Ventilated COVID-19 Patients, inspiratory oxygen fraction currently 0.5 - 0.59</p>
</div><blockquote><p><b>goal</b></p><blockquote><p><b>id</b></p>ventilator-management-fio2-0.5-goal</blockquote><p><b>category</b>: <span title="Codes:{http://snomed.info/sct 385857005}">Ventilator care and adjustment (regime/therapy)</span></p><p><b>description</b>: <span title="Codes:">Positive end-expiratory pressure (PEEP) minimal value setting for COVID-19 Patients, inspiratory oxygen fraction currently 0.5 - 0.59</span></p><h3>Targets</h3><table class="grid"><tr><td style="display: none">-</td><td><b>Measure</b></td><td><b>Detail[x]</b></td></tr><tr><td style="display: none">*</td><td><span title="Codes:{http://loinc.org 76248-4}">PEEP Respiratory system --on ventilator</span></td><td>8-? cm[H2O]</td></tr></table></blockquote><h3>Actions</h3><table class="grid"><tr><td style="display: none">-</td><td><b>Code</b></td><td><b>GoalId</b></td></tr><tr><td style="display: none">*</td><td><span title="Codes:{http://snomed.info/sct 410210009}">Ventilator care management (procedure)</span></td><td>ventilator-management-fio2-0.5-goal</td></tr></table></div>
  </text>
  <extension url="http://hl7.org/fhir/uv/cpg/StructureDefinition/cpg-knowledgeCapability">
    <valueCode value="computable"/>
  </extension>
  <extension url="http://hl7.org/fhir/uv/cpg/StructureDefinition/cpg-knowledgeRepresentationLevel">
    <valueCode value="structured"/>
  </extension>
  <extension url="http://hl7.org/fhir/uv/cpg/StructureDefinition/cpg-partOf">
    <valueCanonical value="https://www.netzwerk-universitaetsmedizin.de/fhir/codex-celida/guideline/covid19-inpatient-therapy/recommendation/covid19-ventilation-plan-peep"/>
  </extension>
  <extension url="https://www.netzwerk-universitaetsmedizin.de/fhir/cpg-on-ebm-on-fhir/StructureDefinition/ext-action-combination-method">
    <extension url="method">
      <valueCodeableConcept>
        <coding>
          <system value="https://www.netzwerk-universitaetsmedizin.de/fhir/cpg-on-ebm-on-fhir/CodeSystem/cs-action-combination-method"/>
          <code value="all"/>
        </coding>
      </valueCodeableConcept>
    </extension>
  </extension>
  <url value="https://www.netzwerk-universitaetsmedizin.de/fhir/codex-celida/guideline/covid19-inpatient-therapy/intervention-plan/peep-fio2-point5"/>
  <identifier>
    <value value="PEEPPlanCOVIDPatients_OxygenFraction-0.5"/>
  </identifier>
  <version value="7.0"/>
  <name value="PEEP_Intervention_Plan_FiO2_0.5"/>
  <title value="PEEP Intervention plan for COVID-19 patients, inspiratory oxygen fraction currently 0.5 - 0.59"/>
  <type>
    <coding>
      <system value="http://terminology.hl7.org/CodeSystem/plan-definition-type"/>
      <code value="eca-rule"/>
    </coding>
  </type>
  <status value="active"/>
  <experimental value="true"/>
  <subjectCanonical value="https://www.netzwerk-universitaetsmedizin.de/fhir/codex-celida/guideline/covid19-inpatient-therapy/population/ventilated-covid19-patients-fio2-point5"/>
  <date value="2022-02"/>
  <publisher value="NUM CODEX+ CELIDA"/>
  <description value="PEEP Intervention Plan for Ventilated COVID-19 Patients, inspiratory oxygen fraction currently 0.5 - 0.59"/>
  <goal id="ventilator-management-fio2-0.5-goal">
    <category>
      <coding>
        <system value="http://snomed.info/sct"/>
        <code value="385857005"/>
        <display value="Ventilator care and adjustment (regime/therapy)"/>
      </coding>
    </category>
    <description>
      <text value="Positive end-expiratory pressure (PEEP) minimal value setting for COVID-19 Patients, inspiratory oxygen fraction currently 0.5 - 0.59"/>
    </description>
    <target>
      <measure>
        <coding>
          <system value="http://loinc.org"/>
          <code value="76248-4"/>
          <display value="PEEP Respiratory system --on ventilator"/>
        </coding>
      </measure>
      <detailRange>
        <low>
          <value value="8"/>
          <unit value="cm[H2O]"/>
          <system value="http://unitsofmeasure.org"/>
          <code value="cm[H2O]"/>
        </low>
      </detailRange>
    </target>
  </goal>
  <action>
    <code>
      <coding>
        <system value="http://snomed.info/sct"/>
        <code value="410210009"/>
        <display value="Ventilator care management (procedure)"/>
      </coding>
    </code>
    <goalId value="ventilator-management-fio2-0.5-goal"/>
  </action>
</PlanDefinition>