<?xml version="1.0" encoding="UTF-8"?>

<PlanDefinition xmlns="http://hl7.org/fhir">
  <id value="AbdominalPositioningARDSPlan"/>
  <meta>
    <profile value="https://www.netzwerk-universitaetsmedizin.de/fhir/cpg-on-ebm-on-fhir/StructureDefinition/recommendation-plan"/>
  </meta>
  <text>
    <status value="generated"/><div xmlns="http://www.w3.org/1999/xhtml"><p class="res-header-id"><b>Generated Narrative: PlanDefinition AbdominalPositioningARDSPlan</b></p><a name="AbdominalPositioningARDSPlan"> </a><a name="hcAbdominalPositioningARDSPlan"> </a><a name="AbdominalPositioningARDSPlan-en-US"> </a><p><b>url</b>: <a href="PlanDefinition-AbdominalPositioningARDSPlan.html">PlanDefinition Abdominal positioning plan in case of ARDS and a PaO2/FiO2 &lt; 150 mmHg</a></p><p><b>version</b>: 7.0</p><p><b>name</b>: Abdominal_Positioning_Plan_In_Case_Of_ARDS_And_PaO2/FiO2_&lt;_150mmHg</p><p><b>title</b>: Abdominal positioning plan in case of ARDS and a PaO2/FiO2 &lt; 150 mmHg</p><p><b>type</b>: <span title="Codes:{http://terminology.hl7.org/CodeSystem/plan-definition-type eca-rule}">ECA Rule</span></p><p><b>status</b>: Active</p><p><b>experimental</b>: true</p><p><b>subject</b>: <a href="EvidenceVariable-PopVentilatedCOVID19patientsWithARDSWithOxygenationFailure.html">Population: Ventilated COVID-19 Patients with severe ARDS</a></p><p><b>date</b>: 2022-02</p><p><b>publisher</b>: NUM CODEX+ CELIDA</p><p><b>description</b>: </p><div><p>In ARDS and a PaO2/FiO2 &lt; 150 mmHg, abdominal positioning should be consistently performed, with an abdominal positioning interval of at least 16 hours.</p>
</div><h3>Actions</h3><table class="grid"><tr><td style="display: none">-</td><td><b>Code</b></td><td><b>Definition[x]</b></td></tr><tr><td style="display: none">*</td><td><span title="Codes:{http://snomed.info/sct 229824005}">Positioning patient (procedure)</span></td><td><a href="ActivityDefinition-PronePositioning.html">Abdominal Positioning</a></td></tr></table></div>
  </text>
  <extension url="http://hl7.org/fhir/uv/cpg/StructureDefinition/cpg-knowledgeCapability">
    <valueCode value="computable"/>
  </extension>
  <extension url="http://hl7.org/fhir/uv/cpg/StructureDefinition/cpg-knowledgeRepresentationLevel">
    <valueCode value="structured"/>
  </extension>
  <extension url="http://hl7.org/fhir/uv/cpg/StructureDefinition/cpg-partOf">
    <valueCanonical value="https://www.netzwerk-universitaetsmedizin.de/fhir/codex-celida/guideline/covid19-inpatient-therapy/recommendation/covid19-abdominal-positioning-ards"/>
  </extension>
  <extension url="https://www.netzwerk-universitaetsmedizin.de/fhir/cpg-on-ebm-on-fhir/StructureDefinition/ext-action-combination-method">
    <extension url="method">
      <valueCodeableConcept>
        <coding>
          <system value="https://www.netzwerk-universitaetsmedizin.de/fhir/cpg-on-ebm-on-fhir/CodeSystem/cs-action-combination-method"/>
          <code value="all"/>
        </coding>
      </valueCodeableConcept>
    </extension>
  </extension>
  <url value="https://www.netzwerk-universitaetsmedizin.de/fhir/codex-celida/guideline/covid19-inpatient-therapy/intervention-plan/abdominal-positioning-ARDS-plan"/>
  <version value="7.0"/>
  <name value="Abdominal_Positioning_Plan_In_Case_Of_ARDS_And_PaO2/FiO2_&lt;_150mmHg"/>
  <title value="Abdominal positioning plan in case of ARDS and a PaO2/FiO2 &lt; 150 mmHg"/>
  <type>
    <coding>
      <system value="http://terminology.hl7.org/CodeSystem/plan-definition-type"/>
      <code value="eca-rule"/>
    </coding>
  </type>
  <status value="active"/>
  <experimental value="true"/>
  <subjectCanonical value="https://www.netzwerk-universitaetsmedizin.de/fhir/codex-celida/guideline/covid19-inpatient-therapy/population/ventilated-covid19-patients-with-ards-with-oxygenation-failure"/>
  <date value="2022-02"/>
  <publisher value="NUM CODEX+ CELIDA"/>
  <description value="In ARDS and a PaO2/FiO2 &lt; 150 mmHg, abdominal positioning should be consistently performed, with an abdominal positioning interval of at least 16 hours. "/>
  <action>
    <code>
      <coding>
        <system value="http://snomed.info/sct"/>
        <code value="229824005"/>
        <display value="Positioning patient (procedure)"/>
      </coding>
    </code>
    <definitionCanonical value="https://www.netzwerk-universitaetsmedizin.de/fhir/codex-celida/guideline/covid19-inpatient-therapy/recommended-action/body-positioning-action/abdominal-positioning-ARDS"/>
  </action>
</PlanDefinition>