<?xml version="1.0" encoding="UTF-8"?>

<PlanDefinition xmlns="http://hl7.org/fhir">
  <id value="RecCollectionNoTherapeuticAnticoagNoIndicationICUCOVID19"/>
  <meta>
    <profile value="https://www.netzwerk-universitaetsmedizin.de/fhir/cpg-on-ebm-on-fhir/StructureDefinition/recommendation"/>
  </meta>
  <text>
    <status value="generated"/><div xmlns="http://www.w3.org/1999/xhtml"><p class="res-header-id"><b>Generated Narrative: PlanDefinition RecCollectionNoTherapeuticAnticoagNoIndicationICUCOVID19</b></p><a name="RecCollectionNoTherapeuticAnticoagNoIndicationICUCOVID19"> </a><a name="hcRecCollectionNoTherapeuticAnticoagNoIndicationICUCOVID19"> </a><a name="RecCollectionNoTherapeuticAnticoagNoIndicationICUCOVID19-en-US"> </a><p><b>url</b>: <a href="PlanDefinition-RecCollectionNoTherapeuticAnticoagNoIndicationICUCOVID19.html">PlanDefinition No therapeutic anticoagulation for intensive care COVID-19 patients with no specific indication</a></p><p><b>version</b>: 1.0</p><p><b>name</b>: 18 - No Therapeutic Anticoagulation</p><p><b>title</b>: No therapeutic anticoagulation for intensive care COVID-19 patients with no specific indication</p><p><b>type</b>: <span title="Codes:{http://terminology.hl7.org/CodeSystem/plan-definition-type workflow-definition}">Workflow Definition</span></p><p><b>status</b>: Active</p><p><b>experimental</b>: true</p><p><b>date</b>: 2022-02-14</p><p><b>publisher</b>: Deutsche Gesellschaft für Internistische Intensivmedizin und Notfallmedizin e.V. (DGIIN)</p><p><b>description</b>: </p><div><p>Bei Intensivpatienten ohne spezifische Indikation (z.B. Lungenembolien) sollte eine therapeutische Antikoagulation nicht erfolgen.</p>
</div><h3>Actions</h3><table class="grid"><tr><td style="display: none">-</td><td><b>Title</b></td><td><b>Description</b></td><td><b>Code</b></td><td><b>Definition[x]</b></td></tr><tr><td style="display: none">*</td><td>Anticoagulation_Plan_No_Specific_Indication</td><td><div><p>Anticoagulation Plan for hospitalized intensive-care COVID-19 patients with no specific indication</p>
</div></td><td><span title="Codes:{http://hl7.org/fhir/uv/cpg/CodeSystem/cpg-common-process guideline-based-care}">Guideline-based Care</span></td><td><a href="PlanDefinition-NoTherapeuticAnticoagulationICUCOVID19NoIndicationPlan.html">Anticoagulation Plan for hospitalized intensive-care COVID-19 patients with no specific indication</a></td></tr></table></div>
  </text>
  <extension url="http://hl7.org/fhir/uv/cpg/StructureDefinition/cpg-knowledgeCapability">
    <valueCode value="computable"/>
  </extension>
  <extension url="http://hl7.org/fhir/uv/cpg/StructureDefinition/cpg-knowledgeRepresentationLevel">
    <valueCode value="structured"/>
  </extension>
  <extension url="https://www.netzwerk-universitaetsmedizin.de/fhir/cpg-on-ebm-on-fhir/StructureDefinition/ext-action-combination-method">
    <extension url="method">
      <valueCodeableConcept>
        <coding>
          <system value="https://www.netzwerk-universitaetsmedizin.de/fhir/cpg-on-ebm-on-fhir/CodeSystem/cs-action-combination-method"/>
          <code value="exactly"/>
        </coding>
      </valueCodeableConcept>
    </extension>
    <extension url="threshold">
      <valuePositiveInt value="1"/>
    </extension>
  </extension>
  <url value="https://www.netzwerk-universitaetsmedizin.de/fhir/codex-celida/guideline/covid19-inpatient-therapy/recommendation/no-therapeutic-anticoagulation"/>
  <version value="1.0"/>
  <name value="18 - No Therapeutic Anticoagulation"/>
  <title value="No therapeutic anticoagulation for intensive care COVID-19 patients with no specific indication"/>
  <type>
    <coding>
      <system value="http://terminology.hl7.org/CodeSystem/plan-definition-type"/>
      <code value="workflow-definition"/>
    </coding>
  </type>
  <status value="active"/>
  <experimental value="true"/>
  <date value="2022-02-14"/>
  <publisher value="Deutsche Gesellschaft für Internistische Intensivmedizin und Notfallmedizin e.V. (DGIIN)"/>
  <description value="Bei Intensivpatienten ohne spezifische Indikation (z.B. Lungenembolien) sollte eine therapeutische Antikoagulation nicht erfolgen."/>
  <action>
    <title value="Anticoagulation_Plan_No_Specific_Indication"/>
    <description value="Anticoagulation Plan for hospitalized intensive-care COVID-19 patients with no specific indication"/>
    <code>
      <coding>
        <system value="http://hl7.org/fhir/uv/cpg/CodeSystem/cpg-common-process"/>
        <code value="guideline-based-care"/>
      </coding>
    </code>
    <definitionCanonical value="https://www.netzwerk-universitaetsmedizin.de/fhir/codex-celida/guideline/covid19-inpatient-therapy/intervention-plan/no-therapeutic-anticoagulation"/>
  </action>
</PlanDefinition>