<?xml version="1.0" encoding="UTF-8"?><ActivityDefinition xmlns="http://hl7.org/fhir"><id value="AntithromboticProphylaxisFondaparinuxSubcutaneous"/><meta><profile value="https://www.netzwerk-universitaetsmedizin.de/fhir/cpg-on-ebm-on-fhir/StructureDefinition/drug-administration-action"/></meta><extension url="http://hl7.org/fhir/uv/cpg/StructureDefinition/cpg-knowledgeCapability"><valueCode value="computable"/></extension><extension url="http://hl7.org/fhir/uv/cpg/StructureDefinition/cpg-knowledgeRepresentationLevel"><valueCode value="structured"/></extension><url value="https://www.netzwerk-universitaetsmedizin.de/fhir/codex-celida/guideline/covid19-inpatient-therapy/recommended-action/drug-administration-action/antithrombotic-prophylaxis-fondaparinux-administration"/><version value="0.1"/><name value="ProphylacticFondaparinuxApplicationActivity"/><title value="Antithrombotic prophylaxis with Fondaparinux"/><status value="active"/><experimental value="true"/><subjectCodeableConcept><coding><system value="http://hl7.org/fhir/fhir-types"/><code value="Patient"/></coding></subjectCodeableConcept><date value="2024-08-07T14:55:39+00:00"/><publisher value="NUM CODEX+ CELIDA"/><description value="Antithrombotic prophylaxis with Fondaparinux in hospitalised COVID-19 patients (when contraindications for LWMH exist)"/><kind value="MedicationRequest"/><code><coding><system value="http://snomed.info/sct"/><code value="432102000"/><display value="Administration of substance (procedure)"/></coding></code><productCodeableConcept><coding><system value="http://snomed.info/sct"/><code value="708189008"/><display value="Fondaparinux (substance)"/></coding><coding><system value="http://fhir.de/CodeSystem/bfarm/atc"/><code value="B01AX05"/><display value="Fondaparinux"/></coding></productCodeableConcept><dosage><timing><repeat><frequency value="1"/><period value="1"/><periodUnit value="d"/></repeat></timing><route><coding><system value="http://snomed.info/sct"/><code value="34206005"/><display value="Subcutaneous route (qualifier value)"/></coding></route><doseAndRate><doseQuantity><value value="2.5"/><unit value="mg"/><system value="http://unitsofmeasure.org"/><code value="mg"/></doseQuantity></doseAndRate></dosage></ActivityDefinition>