<?xml version="1.0" encoding="UTF-8"?><ActivityDefinition xmlns="http://hl7.org/fhir"><id value="NoTherapeuticAnticoagulationWDalteparinTable"/><meta><profile value="https://www.netzwerk-universitaetsmedizin.de/fhir/cpg-on-ebm-on-fhir/StructureDefinition/drug-administration-action"/></meta><extension url="http://hl7.org/fhir/uv/cpg/StructureDefinition/cpg-knowledgeCapability"><valueCode value="computable"/></extension><extension url="http://hl7.org/fhir/uv/cpg/StructureDefinition/cpg-knowledgeRepresentationLevel"><valueCode value="structured"/></extension><url value="https://www.netzwerk-universitaetsmedizin.de/fhir/codex-celida/guideline/covid19-inpatient-therapy/recommended-action/drug-administration-action/no-therapeutic-anticoagulant-dalteparin-administration-table"/><version value="0.1"/><name value="NoTherapeuticAnticoagulationDalteparinPlan"/><title value="No Therapeutic Anticoagulation Treatment with Dalteparin"/><status value="active"/><experimental value="true"/><subjectCodeableConcept><coding><system value="http://hl7.org/fhir/fhir-types"/><code value="Patient"/></coding></subjectCodeableConcept><date value="2024-08-07T14:55:39+00:00"/><publisher value="NUM CODEX+ CELIDA"/><description value="No Therapeutic Anticoagulation Treatment with Dalteparin for non-intensive care hospitalised COVID-19 patients patients with no specific indications (i.e., pulmonary embolism)"/><kind value="MedicationRequest"/><code><coding><system value="http://snomed.info/sct"/><code value="432102000"/><display value="Administration of substance (procedure)"/></coding></code><doNotPerform value="true"/><productCodeableConcept><coding><system value="http://snomed.info/sct"/><code value="372563008"/><display value="Dalteparin (substance)"/></coding><coding><system value="http://fhir.de/CodeSystem/bfarm/atc"/><code value="B01AB04"/><display value="Dalteparin"/></coding></productCodeableConcept><dosage><extension url="https://www.netzwerk-universitaetsmedizin.de/fhir/cpg-on-ebm-on-fhir/StructureDefinition/ext-dosage-condition"><extension url="type"><valueCodeableConcept><coding><system value="http://loinc.org"/><code value="29463-7"/><display value="Body weight"/></coding></valueCodeableConcept></extension><extension url="value"><valueRange><low><value value="46"/><unit value="kg"/><system value="http://unitsofmeasure.org"/><code value="kg"/></low><high><value value="56.999999"/><unit value="kg"/><system value="http://unitsofmeasure.org"/><code value="kg"/></high></valueRange></extension></extension><timing><repeat><frequency value="1"/><period value="1"/><periodUnit value="d"/></repeat></timing><route><coding><system value="http://snomed.info/sct"/><code value="34206005"/><display value="Subcutaneous route (qualifier value)"/></coding></route><doseAndRate><doseQuantity><value value="10000"/><unit value="IU"/><system value="http://unitsofmeasure.org"/><code value="[iU]"/></doseQuantity></doseAndRate></dosage><dosage><extension url="https://www.netzwerk-universitaetsmedizin.de/fhir/cpg-on-ebm-on-fhir/StructureDefinition/ext-dosage-condition"><extension url="type"><valueCodeableConcept><coding><system value="http://loinc.org"/><code value="29463-7"/><display value="Body weight"/></coding></valueCodeableConcept></extension><extension url="value"><valueRange><low><value value="57"/><unit value="kg"/><system value="http://unitsofmeasure.org"/><code value="kg"/></low><high><value value="68.999999"/><unit value="kg"/><system value="http://unitsofmeasure.org"/><code value="kg"/></high></valueRange></extension></extension><timing><repeat><frequency value="1"/><period value="1"/><periodUnit value="d"/></repeat></timing><route><coding><system value="http://snomed.info/sct"/><code value="34206005"/><display value="Subcutaneous route (qualifier value)"/></coding></route><doseAndRate><doseQuantity><value value="12500"/><unit value="IU"/><system value="http://unitsofmeasure.org"/><code value="[iU]"/></doseQuantity></doseAndRate></dosage><dosage><extension url="https://www.netzwerk-universitaetsmedizin.de/fhir/cpg-on-ebm-on-fhir/StructureDefinition/ext-dosage-condition"><extension url="type"><valueCodeableConcept><coding><system value="http://loinc.org"/><code value="29463-7"/><display value="Body weight"/></coding></valueCodeableConcept></extension><extension url="value"><valueRange><low><value value="69"/><unit value="kg"/><system value="http://unitsofmeasure.org"/><code value="kg"/></low><high><value value="82.999999"/><unit value="kg"/><system value="http://unitsofmeasure.org"/><code value="kg"/></high></valueRange></extension></extension><timing><repeat><frequency value="1"/><period value="1"/><periodUnit value="d"/></repeat></timing><route><coding><system value="http://snomed.info/sct"/><code value="34206005"/><display value="Subcutaneous route (qualifier value)"/></coding></route><doseAndRate><doseQuantity><value value="15000"/><unit value="IU"/><system value="http://unitsofmeasure.org"/><code value="[iU]"/></doseQuantity></doseAndRate></dosage><dosage><extension url="https://www.netzwerk-universitaetsmedizin.de/fhir/cpg-on-ebm-on-fhir/StructureDefinition/ext-dosage-condition"><extension url="type"><valueCodeableConcept><coding><system value="http://loinc.org"/><code value="29463-7"/><display value="Body weight"/></coding></valueCodeableConcept></extension><extension url="value"><valueRange><low><value value="83"/><unit value="kg"/><system value="http://unitsofmeasure.org"/><code value="kg"/></low></valueRange></extension></extension><timing><repeat><frequency value="1"/><period value="1"/><periodUnit value="d"/></repeat></timing><route><coding><system value="http://snomed.info/sct"/><code value="34206005"/><display value="Subcutaneous route (qualifier value)"/></coding></route><doseAndRate><doseQuantity><value value="18000"/><unit value="IU"/><system value="http://unitsofmeasure.org"/><code value="[iU]"/></doseQuantity></doseAndRate></dosage></ActivityDefinition>