<?xml version="1.0" encoding="UTF-8"?><ActivityDefinition xmlns="http://hl7.org/fhir"><id value="NoTherapeuticAnticoagulationWEnoxaparin2xd"/><meta><profile value="https://www.netzwerk-universitaetsmedizin.de/fhir/cpg-on-ebm-on-fhir/StructureDefinition/drug-administration-action"/></meta><extension url="http://hl7.org/fhir/uv/cpg/StructureDefinition/cpg-knowledgeCapability"><valueCode value="computable"/></extension><extension url="http://hl7.org/fhir/uv/cpg/StructureDefinition/cpg-knowledgeRepresentationLevel"><valueCode value="structured"/></extension><url value="https://www.netzwerk-universitaetsmedizin.de/fhir/codex-celida/guideline/covid19-inpatient-therapy/recommended-action/drug-administration-action/no-therapeutic-anticoagulant-enoxaparin-administration-2xd"/><version value="0.1"/><name value="NoTherapeuticAnticoagulationPlanEnoxaparin"/><title value="No Therapeutic Anticoagulation Treatment with Enoxaparin"/><status value="active"/><experimental value="true"/><subjectCodeableConcept><coding><system value="http://hl7.org/fhir/fhir-types"/><code value="Patient"/></coding></subjectCodeableConcept><date value="2024-08-07T14:55:39+00:00"/><publisher value="NUM CODEX+ CELIDA"/><description value="No Therapeutic Anticoagulation Treatment with Enoxaparin for non-intensive care hospitalised COVID-19 patients patients with no specific indications (i.e., pulmonary embolism)"/><kind value="MedicationRequest"/><code><coding><system value="http://snomed.info/sct"/><code value="432102000"/><display value="Administration of substance (procedure)"/></coding></code><doNotPerform value="true"/><productCodeableConcept><coding><system value="http://snomed.info/sct"/><code value="372562003"/><display value="Enoxaparin (substance)"/></coding><coding><system value="http://fhir.de/CodeSystem/bfarm/atc"/><code value="B01AB05"/><display value="Enoxaparin"/></coding></productCodeableConcept><dosage><timing><repeat><frequency value="2"/><period value="1"/><periodUnit value="d"/></repeat></timing><route><coding><system value="http://snomed.info/sct"/><code value="34206005"/><display value="Subcutaneous route (qualifier value)"/></coding></route><doseAndRate><doseQuantity><value value="1"/><unit value="mg/kg"/><system value="http://unitsofmeasure.org"/><code value="mg/kg"/></doseQuantity></doseAndRate></dosage></ActivityDefinition>