<?xml version="1.0" encoding="UTF-8"?><ActivityDefinition xmlns="http://hl7.org/fhir"><id value="ProphylacticAnticoagulationWHeparinSC"/><meta><profile value="https://www.netzwerk-universitaetsmedizin.de/fhir/cpg-on-ebm-on-fhir/StructureDefinition/drug-administration-action"/></meta><extension url="http://hl7.org/fhir/uv/cpg/StructureDefinition/cpg-knowledgeCapability"><valueCode value="computable"/></extension><extension url="http://hl7.org/fhir/uv/cpg/StructureDefinition/cpg-knowledgeRepresentationLevel"><valueCode value="structured"/></extension><url value="https://www.netzwerk-universitaetsmedizin.de/fhir/codex-celida/guideline/covid19-inpatient-therapy/recommended-action/drug-administration-action/antithrombotic-prophylaxis-heparin-subcutaneous-administration"/><version value="0.1"/><name value="ProphylacticAnticoagulationPlanUFHsc"/><title value="Prophylactic Anticoagulation Treatment with UFH subcutaneous"/><status value="active"/><experimental value="true"/><subjectCodeableConcept><coding><system value="http://hl7.org/fhir/fhir-types"/><code value="Patient"/></coding></subjectCodeableConcept><date value="2024-08-07T14:55:39+00:00"/><publisher value="NUM CODEX+ CELIDA"/><description value="Prophylactic Treatment with UFH subcutaneous for non-intensive care hospitalised COVID-19 patients"/><kind value="MedicationRequest"/><code><coding><system value="http://snomed.info/sct"/><code value="432102000"/><display value="Administration of substance (procedure)"/></coding></code><productCodeableConcept><coding><system value="http://snomed.info/sct"/><code value="372877000"/><display value="Heparin (substance)"/></coding><coding><system value="http://fhir.de/CodeSystem/bfarm/atc"/><code value="C05BA03"/><display value="Heparin"/></coding></productCodeableConcept><dosage><timing><repeat><frequency value="2"/><period value="1"/><periodUnit value="d"/></repeat></timing><route><coding><system value="http://snomed.info/sct"/><code value="34206005"/><display value="Subcutaneous route (qualifier value)"/></coding></route><doseAndRate><doseQuantity><value value="5000"/><unit value="IU"/><system value="http://unitsofmeasure.org"/><code value="[iU]"/></doseQuantity></doseAndRate></dosage><dosage><timing><repeat><frequency value="3"/><period value="1"/><periodUnit value="d"/></repeat></timing><route><coding><system value="http://snomed.info/sct"/><code value="34206005"/><display value="Subcutaneous route (qualifier value)"/></coding></route><doseAndRate><doseQuantity><value value="5000"/><unit value="IU"/><system value="http://unitsofmeasure.org"/><code value="[iU]"/></doseQuantity></doseAndRate></dosage><dosage><timing><repeat><frequency value="2"/><period value="1"/><periodUnit value="d"/></repeat></timing><route><coding><system value="http://snomed.info/sct"/><code value="34206005"/><display value="Subcutaneous route (qualifier value)"/></coding></route><doseAndRate><doseQuantity><value value="7500"/><unit value="IU"/><system value="http://unitsofmeasure.org"/><code value="[iU]"/></doseQuantity></doseAndRate></dosage></ActivityDefinition>