<?xml version="1.0" encoding="UTF-8"?><ActivityDefinition xmlns="http://hl7.org/fhir"><id value="NoTherapeuticAnticoagulationWArgatra"/><meta><profile value="https://www.netzwerk-universitaetsmedizin.de/fhir/cpg-on-ebm-on-fhir/StructureDefinition/drug-administration-action"/></meta><extension url="http://hl7.org/fhir/uv/cpg/StructureDefinition/cpg-knowledgeCapability"><valueCode value="computable"/></extension><extension url="http://hl7.org/fhir/uv/cpg/StructureDefinition/cpg-knowledgeRepresentationLevel"><valueCode value="structured"/></extension><url value="https://www.netzwerk-universitaetsmedizin.de/fhir/codex-celida/guideline/covid19-inpatient-therapy/recommended-action/drug-administration-action/no-therapeutic-anticoagulant-argatroban-administration"/><version value="0.1"/><name value="NoTherapeuticAnticoagulationPlanArgatroban"/><title value="No Therapeutic Anticoagulation Treatment with Argatroban"/><status value="active"/><experimental value="true"/><subjectCodeableConcept><coding><system value="http://hl7.org/fhir/fhir-types"/><code value="Patient"/></coding></subjectCodeableConcept><date value="2024-08-07T14:55:39+00:00"/><publisher value="NUM CODEX+ CELIDA"/><description value="No Therapeutic Anticoagulation Treatment with Argatroban for non-intensive care hospitalised COVID-19 patients patients with no specific indications (i.e., pulmonary embolism)"/><kind value="MedicationRequest"/><code><coding><system value="http://snomed.info/sct"/><code value="432102000"/><display value="Administration of substance (procedure)"/></coding></code><doNotPerform value="true"/><productCodeableConcept><coding><system value="http://snomed.info/sct"/><code value="116508003"/><display value="Argatroban (substance)"/></coding><coding><system value="http://fhir.de/CodeSystem/bfarm/atc"/><code value="B01AE03"/><display value="Argatroban"/></coding></productCodeableConcept><dosage><timing><repeat><frequency value="1"/><period value="1"/><periodUnit value="d"/></repeat></timing><route><coding><system value="http://snomed.info/sct"/><code value="47625008"/><display value="Intravenous route (qualifier value)"/></coding></route><doseAndRate><doseRange><low><value value="0"/><unit value="IU"/><system value="http://unitsofmeasure.org"/><code value="[iU]"/></low></doseRange></doseAndRate></dosage></ActivityDefinition>