<?xml version="1.0" encoding="UTF-8"?><EvidenceVariable xmlns="http://hl7.org/fhir"><id value="PopHospitalisedICUCOVID19Patients"/><meta><profile value="https://www.netzwerk-universitaetsmedizin.de/fhir/cpg-on-ebm-on-fhir/StructureDefinition/recommendation-eligibility-criteria"/></meta><url value="https://www.netzwerk-universitaetsmedizin.de/fhir/codex-celida/guideline/covid19-inpatient-therapy/population/hospitalised-icu-covid19-patients-without-thrombembolic-complication"/><identifier><system value="https://www.ceosys.de"/><value value="HospitalICUCOVID19WOThrombembolic"/></identifier><name value="COVID19_ICU_patients_without_thrombembolic complication"/><title value="Hospitalised COVID-19 patients, treated on ICU, without thrombembolic complication"/><status value="active"/><date value="2024-08-07T14:55:39+00:00"/><description value="COVID 19 patients without a thrombembolic complication"/><actual value="false"/><characteristic><exclude value="true"/><definitionByCombination><code value="any-of"/><characteristic><linkId value="venous-thrombosis"/><exclude value="false"/><definitionByTypeAndValue><type><coding><system value="http://snomed.info/sct"/><code value="404684003"/><display value="Clinical finding (finding)"/></coding></type><valueCodeableConcept><coding><system value="http://snomed.info/sct"/><code value="111293003"/><display value="Venous Thrombosis"/></coding></valueCodeableConcept></definitionByTypeAndValue></characteristic><characteristic><linkId value="pulmonary-embolism"/><exclude value="false"/><definitionByTypeAndValue><type><coding><system value="http://snomed.info/sct"/><code value="404684003"/><display value="Clinical finding (finding)"/></coding></type><valueCodeableConcept><coding><system value="http://snomed.info/sct"/><code value="59282003"/><display value="Pulmonary embolism (disorder)"/></coding></valueCodeableConcept></definitionByTypeAndValue></characteristic><characteristic><linkId value="atrial-fibrillation"/><exclude value="false"/><definitionByTypeAndValue><type><coding><system value="http://snomed.info/sct"/><code value="404684003"/><display value="Clinical finding (finding)"/></coding></type><valueCodeableConcept><coding><system value="http://snomed.info/sct"/><code value="49436004"/><display value="Atrial fibrillation (disorder)"/></coding></valueCodeableConcept></definitionByTypeAndValue></characteristic></definitionByCombination></characteristic><characteristic><linkId value="covid19"/><exclude value="false"/><definitionByTypeAndValue><type><coding><system value="http://snomed.info/sct"/><code value="404684003"/><display value="Clinical finding (finding)"/></coding></type><valueCodeableConcept><coding><system value="http://snomed.info/sct"/><code value="840539006"/><display value="Disease caused by Severe acute respiratory syndrome coronavirus 2 (disorder)"/></coding></valueCodeableConcept></definitionByTypeAndValue></characteristic><characteristic><linkId value="intensive-care-treatment"/><exclude value="false"/><definitionByTypeAndValue><type><coding><system value="http://loinc.org"/><code value="78030-4"/><display value="Episode of care Type"/></coding></type><valueCodeableConcept><coding><system value="http://fhir.de/CodeSystem/kontaktart-de"/><code value="intensivstationaer"/><display value="Intensivstationär"/></coding></valueCodeableConcept></definitionByTypeAndValue></characteristic></EvidenceVariable>