<?xml version="1.0" encoding="UTF-8"?><EvidenceVariable xmlns="http://hl7.org/fhir"><id value="PopHospitalisedCOVID19PatientsWOContraIndications"/><meta><profile value="https://www.netzwerk-universitaetsmedizin.de/fhir/cpg-on-ebm-on-fhir/StructureDefinition/recommendation-eligibility-criteria"/></meta><url value="https://www.netzwerk-universitaetsmedizin.de/fhir/codex-celida/guideline/covid19-inpatient-therapy/population/hospitalised-covid19-patients-no-LMWH-contraindications"/><identifier><system value="https://www.ceosys.de"/><value value="WithoutContraIndications"/></identifier><name value="COVID19_patients_without_contraindications"/><title value="Population: Hospitalised COVID-19 patients without contraindications to LWMH"/><status value="active"/><date value="2024-08-07T14:55:39+00:00"/><description value="Population for guideline from https://www.awmf.org/leitlinien/detail/ll/113-001LG.html with characteristics: COVID-19 patients without contraindications to LWMH"/><actual value="false"/><characteristic><linkId value="covid19"/><exclude value="false"/><definitionByTypeAndValue><type><coding><system value="http://snomed.info/sct"/><code value="404684003"/><display value="Clinical finding (finding)"/></coding></type><valueCodeableConcept><coding><system value="http://snomed.info/sct"/><code value="840539006"/><display value="Disease caused by severe acute respiratory syndrome coronavirus 2 (disorder)"/></coding></valueCodeableConcept></definitionByTypeAndValue></characteristic><characteristic><exclude value="true"/><definitionByCombination><code value="any-of"/><characteristic><linkId value="hit2"/><exclude value="false"/><definitionByTypeAndValue><type><coding><system value="http://snomed.info/sct"/><code value="404684003"/><display value="Clinical finding (finding)"/></coding></type><valueCodeableConcept><coding><system value="http://snomed.info/sct"/><code value="111588002"/><display value="Heparin-induced thrombocytopenia with thrombosis (disorder)"/></coding></valueCodeableConcept></definitionByTypeAndValue></characteristic><characteristic><linkId value="heparin-allergy"/><exclude value="false"/><definitionByTypeAndValue><type><coding><system value="http://snomed.info/sct"/><code value="609328004"/><display value="Allergic disposition (finding)"/></coding></type><valueCodeableConcept><coding><system value="http://snomed.info/sct"/><code value="294872001"/><display value="Allergy to heparin (finding)"/></coding></valueCodeableConcept></definitionByTypeAndValue></characteristic><characteristic><linkId value="heparinoid-allergy"/><exclude value="false"/><definitionByTypeAndValue><type><coding><system value="http://snomed.info/sct"/><code value="609328004"/><display value="Allergic disposition (finding)"/></coding></type><valueCodeableConcept><coding><system value="http://snomed.info/sct"/><code value="294876003"/><display value="Allergy to heparinoid (finding)"/></coding></valueCodeableConcept></definitionByTypeAndValue></characteristic></definitionByCombination></characteristic></EvidenceVariable>