<?xml version="1.0" encoding="UTF-8"?><EvidenceVariable xmlns="http://hl7.org/fhir"><id value="PopulationVentilatedCOVID19patients-fio2-point5"/><meta><profile value="https://www.netzwerk-universitaetsmedizin.de/fhir/cpg-on-ebm-on-fhir/StructureDefinition/recommendation-eligibility-criteria"/></meta><url value="https://www.netzwerk-universitaetsmedizin.de/fhir/codex-celida/guideline/covid19-inpatient-therapy/population/ventilated-covid19-patients-fio2-point5"/><name value="Population_COVID19_Ventilated_FiO2_0.5"/><title value="Population: Ventilated COVID-19 Patients, inspiratory oxygen fraction currently 0.5"/><status value="active"/><date value="2024-08-07T14:55:39+00:00"/><description value="Ventilated COVID-19 patients, inspiratory oxygen fraction currently 0.5 - 0.59"/><characteristic><exclude value="false"/><definitionByCombination><code value="all-of"/><characteristic><linkId value="covid19"/><exclude value="false"/><definitionByTypeAndValue><type><coding><system value="http://snomed.info/sct"/><code value="404684003"/><display value="Clinical finding (finding)"/></coding></type><valueCodeableConcept><coding><system value="http://snomed.info/sct"/><code value="840539006"/><display value="Disease caused by Severe acute respiratory syndrome coronavirus 2 (disorder)"/></coding></valueCodeableConcept></definitionByTypeAndValue></characteristic><characteristic><exclude value="false"/><definitionByTypeAndValue><type><coding><system value="http://snomed.info/sct"/><code value="71388002"/><display value="Procedure (procedure)"/></coding></type><valueCodeableConcept><coding><system value="http://snomed.info/sct"/><code value="40617009"/><display value="Artificial ventilation (regime/therapy)"/></coding></valueCodeableConcept></definitionByTypeAndValue></characteristic><characteristic><definitionByTypeAndValue><type><coding><system value="http://loinc.org"/><code value="3150-0"/><display value="Inhaled oxygen concentration"/></coding></type><valueRange><low><value value="50"/><unit value="%"/><system value="http://unitsofmeasure.org"/><code value="%"/></low><high><value value="59.9999999999999"/><unit value="%"/><system value="http://unitsofmeasure.org"/><code value="%"/></high></valueRange></definitionByTypeAndValue></characteristic></definitionByCombination></characteristic></EvidenceVariable>