<?xml version="1.0" encoding="UTF-8"?><EvidenceVariable xmlns="http://hl7.org/fhir"><id value="PopVentilatedCOVID19patientsWithARDSWithOxygenationFailure"/><meta><profile value="https://www.netzwerk-universitaetsmedizin.de/fhir/cpg-on-ebm-on-fhir/StructureDefinition/recommendation-eligibility-criteria"/></meta><url value="https://www.netzwerk-universitaetsmedizin.de/fhir/codex-celida/guideline/covid19-inpatient-therapy/population/ventilated-covid19-patients-with-ards-with-oxygenation-failure"/><name value="Population_COVID19_Ventilated_With_severe_ARDS"/><title value="Population: Ventilated COVID-19 Patients with severe ARDS"/><status value="active"/><date value="2024-08-07T14:55:39+00:00"/><description value="Ventilated COVID-19 patients with severe ARDS, defined by oxygenation failure (Horovitz Quotient lower than 150)"/><characteristic><exclude value="false"/><definitionByCombination><code value="all-of"/><characteristic><linkId value="covid19"/><exclude value="false"/><definitionByTypeAndValue><type><coding><system value="http://snomed.info/sct"/><code value="404684003"/><display value="Clinical finding (finding)"/></coding></type><valueCodeableConcept><coding><system value="http://snomed.info/sct"/><code value="840539006"/><display value="Disease caused by Severe acute respiratory syndrome coronavirus 2 (disorder)"/></coding></valueCodeableConcept></definitionByTypeAndValue></characteristic><characteristic><exclude value="false"/><definitionByTypeAndValue><type><coding><system value="http://snomed.info/sct"/><code value="71388002"/><display value="Procedure (procedure)"/></coding></type><valueCodeableConcept><coding><system value="http://snomed.info/sct"/><code value="40617009"/><display value="Artificial ventilation (regime/therapy)"/></coding></valueCodeableConcept></definitionByTypeAndValue></characteristic><characteristic><exclude value="false"/><definitionByTypeAndValue><type><coding><system value="http://snomed.info/sct"/><code value="404684003"/><display value="Clinical finding (finding)"/></coding></type><valueCodeableConcept><coding><system value="http://snomed.info/sct"/><code value="67782005"/><display value="Acute respiratory distress syndrome (disorder)"/></coding></valueCodeableConcept></definitionByTypeAndValue></characteristic><characteristic><linkId value="horowitz-limit"/><exclude value="false"/><definitionByTypeAndValue><type><coding><system value="http://loinc.org"/><code value="50984-4"/><display value="Horowitz index in Arterial blood"/></coding></type><valueRange><high><value value="150"/><unit value="mm[Hg]"/><system value="http://unitsofmeasure.org"/><code value="mm[Hg]"/></high></valueRange></definitionByTypeAndValue></characteristic></definitionByCombination></characteristic></EvidenceVariable>