<?xml version="1.0" encoding="UTF-8"?><PlanDefinition xmlns="http://hl7.org/fhir"><id value="RecommendationCollectionVentilatedCOVID19patients"/><meta><profile value="https://www.netzwerk-universitaetsmedizin.de/fhir/cpg-on-ebm-on-fhir/StructureDefinition/recommendation"/></meta><extension url="http://hl7.org/fhir/uv/cpg/StructureDefinition/cpg-knowledgeCapability"><valueCode value="computable"/></extension><extension url="http://hl7.org/fhir/uv/cpg/StructureDefinition/cpg-knowledgeRepresentationLevel"><valueCode value="structured"/></extension><extension url="https://www.netzwerk-universitaetsmedizin.de/fhir/cpg-on-ebm-on-fhir/StructureDefinition/ext-action-combination-method"><extension url="method"><valueCodeableConcept><coding><system value="https://www.netzwerk-universitaetsmedizin.de/fhir/cpg-on-ebm-on-fhir/CodeSystem/cs-action-combination-method"/><code value="exactly"/></coding></valueCodeableConcept></extension><extension url="threshold"><valuePositiveInt value="1"/></extension></extension><url value="https://www.netzwerk-universitaetsmedizin.de/fhir/codex-celida/guideline/covid19-inpatient-therapy/recommendation/covid19-ventilation-plan-peep"/><version value="1.0"/><name value="36a - PEEP"/><title value="PPEEP for ventilated COVID-19 patients"/><type><coding><system value="http://terminology.hl7.org/CodeSystem/plan-definition-type"/><code value="workflow-definition"/></coding></type><status value="active"/><experimental value="true"/><date value="2022-02-14"/><publisher value="Deutsche Gesellschaft für Internistische Intensivmedizin und Notfallmedizin e.V. (DGIIN)"/><description value="Für die orientierende Einstellung des PEEP bei COVID-19 sollte die FiO2/PEEP-Tabelle des ARDS-Networks berücksichtigt werden. Durch ein engmaschiges Monitoring kann der PEEP der individuellen Situation des Patienten angepasst werden."/><action><title value="PEEP_Intervention_Plan_FiO2_0.0"/><description value="PEEP Intervention plan for COVID-19 patients, inspiratory oxygen fraction currently 0.0 - 0.39"/><code><coding><system value="http://hl7.org/fhir/uv/cpg/CodeSystem/cpg-common-process"/><code value="guideline-based-care"/></coding></code><definitionCanonical value="https://www.netzwerk-universitaetsmedizin.de/fhir/codex-celida/guideline/covid19-inpatient-therapy/intervention-plan/peep-fio2-point0"/></action><action><title value="PEEP_Intervention_Plan_FiO2_0.4"/><description value="PEEP Intervention plan for COVID-19 patients, inspiratory oxygen fraction currently 0.4 - 0.49"/><code><coding><system value="http://hl7.org/fhir/uv/cpg/CodeSystem/cpg-common-process"/><code value="guideline-based-care"/></coding></code><definitionCanonical value="https://www.netzwerk-universitaetsmedizin.de/fhir/codex-celida/guideline/covid19-inpatient-therapy/intervention-plan/peep-fio2-point4"/></action><action><title value="PEEP_Intervention_Plan_FiO2_0.5"/><description value="PEEP Intervention plan for COVID-19 patients, inspiratory oxygen fraction currently 0.5 - 0.59"/><code><coding><system value="http://hl7.org/fhir/uv/cpg/CodeSystem/cpg-common-process"/><code value="guideline-based-care"/></coding></code><definitionCanonical value="https://www.netzwerk-universitaetsmedizin.de/fhir/codex-celida/guideline/covid19-inpatient-therapy/intervention-plan/peep-fio2-point5"/></action><action><title value="PEEP_Intervention_Plan_FiO2_0.6"/><description value="PEEP Intervention plan for COVID-19 patients, inspiratory oxygen fraction currently 0.6 - 0.69"/><code><coding><system value="http://hl7.org/fhir/uv/cpg/CodeSystem/cpg-common-process"/><code value="guideline-based-care"/></coding></code><definitionCanonical value="https://www.netzwerk-universitaetsmedizin.de/fhir/codex-celida/guideline/covid19-inpatient-therapy/intervention-plan/peep-fio2-point6"/></action><action><title value="PEEP_Intervention_Plan_FiO2_0.7"/><description value="PEEP Intervention plan for COVID-19 patients, inspiratory oxygen fraction currently 0.7 - 0.79"/><code><coding><system value="http://hl7.org/fhir/uv/cpg/CodeSystem/cpg-common-process"/><code value="guideline-based-care"/></coding></code><definitionCanonical value="https://www.netzwerk-universitaetsmedizin.de/fhir/codex-celida/guideline/covid19-inpatient-therapy/intervention-plan/peep-fio2-point7"/></action><action><title value="PEEP_Intervention_Plan_FiO2_0.8"/><description value="PEEP Intervention plan for COVID-19 patients, inspiratory oxygen fraction currently 0.8 - 0.89"/><code><coding><system value="http://hl7.org/fhir/uv/cpg/CodeSystem/cpg-common-process"/><code value="guideline-based-care"/></coding></code><definitionCanonical value="https://www.netzwerk-universitaetsmedizin.de/fhir/codex-celida/guideline/covid19-inpatient-therapy/intervention-plan/peep-fio2-point8"/></action><action><title value="PEEP_Intervention_Plan_FiO2_0.9"/><description value="PEEP Intervention plan for COVID-19 patients, inspiratory oxygen fraction currently 0.9 - 0.99"/><code><coding><system value="http://hl7.org/fhir/uv/cpg/CodeSystem/cpg-common-process"/><code value="guideline-based-care"/></coding></code><definitionCanonical value="https://www.netzwerk-universitaetsmedizin.de/fhir/codex-celida/guideline/covid19-inpatient-therapy/intervention-plan/peep-fio2-point9"/></action><action><title value="PEEP_Intervention_Plan_FiO2_1.0"/><description value="PEEP Intervention plan for COVID-19 patients, inspiratory oxygen fraction currently 1.0 - 1.0"/><code><coding><system value="http://hl7.org/fhir/uv/cpg/CodeSystem/cpg-common-process"/><code value="guideline-based-care"/></coding></code><definitionCanonical value="https://www.netzwerk-universitaetsmedizin.de/fhir/codex-celida/guideline/covid19-inpatient-therapy/intervention-plan/peep-fio2-1"/></action></PlanDefinition>