<?xml version="1.0" encoding="UTF-8"?><PlanDefinition xmlns="http://hl7.org/fhir"><id value="RecCollectionNoTherapeuticAnticoagNoIndicationICUCOVID19"/><meta><profile value="https://www.netzwerk-universitaetsmedizin.de/fhir/cpg-on-ebm-on-fhir/StructureDefinition/recommendation"/></meta><extension url="http://hl7.org/fhir/uv/cpg/StructureDefinition/cpg-knowledgeCapability"><valueCode value="computable"/></extension><extension url="http://hl7.org/fhir/uv/cpg/StructureDefinition/cpg-knowledgeRepresentationLevel"><valueCode value="structured"/></extension><extension url="https://www.netzwerk-universitaetsmedizin.de/fhir/cpg-on-ebm-on-fhir/StructureDefinition/ext-action-combination-method"><extension url="method"><valueCodeableConcept><coding><system value="https://www.netzwerk-universitaetsmedizin.de/fhir/cpg-on-ebm-on-fhir/CodeSystem/cs-action-combination-method"/><code value="exactly"/></coding></valueCodeableConcept></extension><extension url="threshold"><valuePositiveInt value="1"/></extension></extension><url value="https://www.netzwerk-universitaetsmedizin.de/fhir/codex-celida/guideline/covid19-inpatient-therapy/recommendation/no-therapeutic-anticoagulation"/><version value="1.0"/><name value="18 - No Therapeutic Anticoagulation"/><title value="No therapeutic anticoagulation for intensive care COVID-19 patients with no specific indication"/><type><coding><system value="http://terminology.hl7.org/CodeSystem/plan-definition-type"/><code value="workflow-definition"/></coding></type><status value="active"/><experimental value="true"/><date value="2022-02-14"/><publisher value="Deutsche Gesellschaft für Internistische Intensivmedizin und Notfallmedizin e.V. (DGIIN)"/><description value="Bei Intensivpatienten ohne spezifische Indikation (z.B. Lungenembolien) sollte eine therapeutische Antikoagulation nicht erfolgen."/><action><title value="Anticoagulation_Plan_No_Specific_Indication"/><description value="Anticoagulation Plan for hospitalized intensive-care COVID-19 patients with no specific indication"/><code><coding><system value="http://hl7.org/fhir/uv/cpg/CodeSystem/cpg-common-process"/><code value="guideline-based-care"/></coding></code><definitionCanonical value="https://www.netzwerk-universitaetsmedizin.de/fhir/codex-celida/guideline/covid19-inpatient-therapy/intervention-plan/no-therapeutic-anticoagulation"/></action></PlanDefinition>