<?xml version="1.0" encoding="UTF-8"?><PlanDefinition xmlns="http://hl7.org/fhir"><id value="VentilatedCOVID19patientsInterventionPlan-fio2-point0"/><meta><profile value="https://www.netzwerk-universitaetsmedizin.de/fhir/cpg-on-ebm-on-fhir/StructureDefinition/recommendation-plan"/></meta><extension url="http://hl7.org/fhir/uv/cpg/StructureDefinition/cpg-knowledgeCapability"><valueCode value="computable"/></extension><extension url="http://hl7.org/fhir/uv/cpg/StructureDefinition/cpg-knowledgeRepresentationLevel"><valueCode value="structured"/></extension><extension url="http://hl7.org/fhir/uv/cpg/StructureDefinition/cpg-partOf"><valueCanonical value="https://www.netzwerk-universitaetsmedizin.de/fhir/codex-celida/guideline/covid19-inpatient-therapy/recommendation/covid19-ventilation-plan-peep"/></extension><extension url="https://www.netzwerk-universitaetsmedizin.de/fhir/cpg-on-ebm-on-fhir/StructureDefinition/ext-action-combination-method"><extension url="method"><valueCodeableConcept><coding><system value="https://www.netzwerk-universitaetsmedizin.de/fhir/cpg-on-ebm-on-fhir/CodeSystem/cs-action-combination-method"/><code value="all"/></coding></valueCodeableConcept></extension></extension><url value="https://www.netzwerk-universitaetsmedizin.de/fhir/codex-celida/guideline/covid19-inpatient-therapy/intervention-plan/peep-fio2-point0"/><identifier><value value="PEEPPlanCOVIDPatients_OxygenFraction-0.0"/></identifier><version value="7.0"/><name value="PEEP_Intervention_Plan_FiO2_0.3"/><title value="PEEP Intervention plan for COVID-19 patients, inspiratory oxygen fraction currently 0.0 - 0.39"/><type><coding><system value="http://terminology.hl7.org/CodeSystem/plan-definition-type"/><code value="eca-rule"/></coding></type><status value="active"/><experimental value="true"/><subjectCanonical value="https://www.netzwerk-universitaetsmedizin.de/fhir/codex-celida/guideline/covid19-inpatient-therapy/population/ventilated-covid19-patients-fio2-point0"/><date value="2022-02"/><publisher value="NUM CODEX+ CELIDA"/><description value="PEEP Intervention Plan for Ventilated COVID-19 Patients, inspiratory oxygen fraction currently 0.0 - 0.39"/><goal id="ventilator-management-fio2-0.0-goal"><category><coding><system value="http://snomed.info/sct"/><code value="385857005"/><display value="Ventilator care and adjustment (regime/therapy)"/></coding></category><description><text value="Positive end-expiratory pressure (PEEP) minimal value setting for COVID-19 Patients, inspiratory oxygen fraction currently 0.0 - 0.39"/></description><target><measure><coding><system value="http://loinc.org"/><code value="76248-4"/><display value="PEEP Respiratory system --on ventilator"/></coding></measure><detailRange><low><value value="5"/><unit value="cm[H2O]"/><system value="http://unitsofmeasure.org"/><code value="cm[H2O]"/></low></detailRange></target></goal><action><code><coding><system value="http://snomed.info/sct"/><code value="410210009"/><display value="Ventilator care management (procedure)"/></coding></code><goalId value="ventilator-management-fio2-0.0-goal"/></action></PlanDefinition>