<?xml version="1.0" encoding="UTF-8"?><PlanDefinition xmlns="http://hl7.org/fhir"><id value="AntithrombLWMHProphInHospitalisedCOVID19PatientsRecommPlan"/><meta><profile value="https://www.netzwerk-universitaetsmedizin.de/fhir/cpg-on-ebm-on-fhir/StructureDefinition/recommendation-plan"/></meta><extension url="http://hl7.org/fhir/uv/cpg/StructureDefinition/cpg-knowledgeCapability"><valueCode value="computable"/></extension><extension url="http://hl7.org/fhir/uv/cpg/StructureDefinition/cpg-knowledgeRepresentationLevel"><valueCode value="structured"/></extension><extension url="http://hl7.org/fhir/uv/cpg/StructureDefinition/cpg-partOf"><valueCanonical value="https://www.netzwerk-universitaetsmedizin.de/fhir/codex-celida/guideline/covid19-inpatient-therapy/recommendation/prophylactic-anticoagulation"/></extension><extension url="https://www.netzwerk-universitaetsmedizin.de/fhir/cpg-on-ebm-on-fhir/StructureDefinition/ext-action-combination-method"><extension url="method"><valueCodeableConcept><coding><system value="https://www.netzwerk-universitaetsmedizin.de/fhir/cpg-on-ebm-on-fhir/CodeSystem/cs-action-combination-method"/><code value="all"/></coding></valueCodeableConcept></extension></extension><url value="https://www.netzwerk-universitaetsmedizin.de/fhir/codex-celida/guideline/covid19-inpatient-therapy/intervention-plan/antithrombotic-prophylaxis-LMWH"/><version value="0.1"/><name value="AntithromboticProphylaxisWithLWMH"/><title value="Antithrombotic prophylaxis with LWMH in hospitalised COVID-19 patients"/><type><coding><system value="http://terminology.hl7.org/CodeSystem/plan-definition-type"/><code value="eca-rule"/></coding></type><status value="active"/><experimental value="true"/><subjectCanonical value="https://www.netzwerk-universitaetsmedizin.de/fhir/codex-celida/guideline/covid19-inpatient-therapy/population/hospitalised-covid19-patients-no-LMWH-contraindications"/><date value="2022-04-27"/><publisher value="NUM CODEX+ CELIDA"/><description value="Antithrombotic prophylaxis with LWMH in hospitalised COVID-19 patients"/><action><extension url="https://www.netzwerk-universitaetsmedizin.de/fhir/cpg-on-ebm-on-fhir/StructureDefinition/ext-action-combination-method"><extension url="method"><valueCodeableConcept><coding><system value="https://www.netzwerk-universitaetsmedizin.de/fhir/cpg-on-ebm-on-fhir/CodeSystem/cs-action-combination-method"/><code value="exactly"/></coding></valueCodeableConcept></extension><extension url="threshold"><valuePositiveInt value="1"/></extension></extension><code><coding><system value="http://snomed.info/sct"/><code value="89780004"/><display value="Combined (qualifier value)"/></coding></code><action><code><coding><system value="http://snomed.info/sct"/><code value="432102000"/><display value="Administration of substance (procedure)"/></coding></code><definitionCanonical value="https://www.netzwerk-universitaetsmedizin.de/fhir/codex-celida/guideline/covid19-inpatient-therapy/recommended-action/drug-administration-action/antithrombotic-prophylaxis-dalteparin-administration"/></action><action><code><coding><system value="http://snomed.info/sct"/><code value="432102000"/><display value="Administration of substance (procedure)"/></coding></code><definitionCanonical value="https://www.netzwerk-universitaetsmedizin.de/fhir/codex-celida/guideline/covid19-inpatient-therapy/recommended-action/drug-administration-action/antithrombotic-prophylaxis-enoxaparin-administration"/></action><action><code><coding><system value="http://snomed.info/sct"/><code value="432102000"/><display value="Administration of substance (procedure)"/></coding></code><definitionCanonical value="https://www.netzwerk-universitaetsmedizin.de/fhir/codex-celida/guideline/covid19-inpatient-therapy/recommended-action/drug-administration-action/antithrombotic-prophylaxis-nadroparin-administration"/></action><action><code><coding><system value="http://snomed.info/sct"/><code value="432102000"/><display value="Administration of substance (procedure)"/></coding></code><definitionCanonical value="https://www.netzwerk-universitaetsmedizin.de/fhir/codex-celida/guideline/covid19-inpatient-therapy/recommended-action/drug-administration-action/antithrombotic-prophylaxis-certoparin-administration"/></action><action><code><coding><system value="http://snomed.info/sct"/><code value="432102000"/><display value="Administration of substance (procedure)"/></coding></code><definitionCanonical value="https://www.netzwerk-universitaetsmedizin.de/fhir/codex-celida/guideline/covid19-inpatient-therapy/recommended-action/drug-administration-action/antithrombotic-prophylaxis-tinzaparin-administration"/></action><action><code><coding><system value="http://snomed.info/sct"/><code value="432102000"/><display value="Administration of substance (procedure)"/></coding></code><selectionBehavior value="all"/><definitionCanonical value="https://www.netzwerk-universitaetsmedizin.de/fhir/codex-celida/guideline/covid19-inpatient-therapy/recommended-action/drug-administration-action/antithrombotic-prophylaxis-heparin-subcutaneous-administration"/></action></action><action><extension url="https://www.netzwerk-universitaetsmedizin.de/fhir/cpg-on-ebm-on-fhir/StructureDefinition/ext-action-combination-method"><extension url="method"><valueCodeableConcept><coding><system value="https://www.netzwerk-universitaetsmedizin.de/fhir/cpg-on-ebm-on-fhir/CodeSystem/cs-action-combination-method"/><code value="all"/></coding></valueCodeableConcept></extension></extension><code><coding><system value="http://snomed.info/sct"/><code value="89780004"/><display value="Combined (qualifier value)"/></coding></code><action><code><coding><system value="http://snomed.info/sct"/><code value="432102000"/><display value="Administration of substance (procedure)"/></coding></code><definitionCanonical value="https://www.netzwerk-universitaetsmedizin.de/fhir/codex-celida/guideline/covid19-inpatient-therapy/recommended-action/drug-administration-action/no-therapeutic-anticoagulant-UFH-administration"/></action><action><code><coding><system value="http://snomed.info/sct"/><code value="432102000"/><display value="Administration of substance (procedure)"/></coding></code><definitionCanonical value="https://www.netzwerk-universitaetsmedizin.de/fhir/codex-celida/guideline/covid19-inpatient-therapy/recommended-action/drug-administration-action/no-therapeutic-anticoagulant-dalteparin-administration-1xd"/></action><action><code><coding><system value="http://snomed.info/sct"/><code value="432102000"/><display value="Administration of substance (procedure)"/></coding></code><definitionCanonical value="https://www.netzwerk-universitaetsmedizin.de/fhir/codex-celida/guideline/covid19-inpatient-therapy/recommended-action/drug-administration-action/no-therapeutic-anticoagulant-dalteparin-administration-2xd"/></action><action><code><coding><system value="http://snomed.info/sct"/><code value="432102000"/><display value="Administration of substance (procedure)"/></coding></code><definitionCanonical value="https://www.netzwerk-universitaetsmedizin.de/fhir/codex-celida/guideline/covid19-inpatient-therapy/recommended-action/drug-administration-action/no-therapeutic-anticoagulant-dalteparin-administration-table"/></action><action><code><coding><system value="http://snomed.info/sct"/><code value="432102000"/><display value="Administration of substance (procedure)"/></coding></code><definitionCanonical value="https://www.netzwerk-universitaetsmedizin.de/fhir/codex-celida/guideline/covid19-inpatient-therapy/recommended-action/drug-administration-action/no-therapeutic-anticoagulant-nadroparin-administration"/></action><action><code><coding><system value="http://snomed.info/sct"/><code value="432102000"/><display value="Administration of substance (procedure)"/></coding></code><definitionCanonical value="https://www.netzwerk-universitaetsmedizin.de/fhir/codex-celida/guideline/covid19-inpatient-therapy/recommended-action/drug-administration-action/no-therapeutic-anticoagulant-enoxaparin-administration-1xd"/></action><action><code><coding><system value="http://snomed.info/sct"/><code value="432102000"/><display value="Administration of substance (procedure)"/></coding></code><definitionCanonical value="https://www.netzwerk-universitaetsmedizin.de/fhir/codex-celida/guideline/covid19-inpatient-therapy/recommended-action/drug-administration-action/no-therapeutic-anticoagulant-enoxaparin-administration-2xd"/></action><action><code><coding><system value="http://snomed.info/sct"/><code value="432102000"/><display value="Administration of substance (procedure)"/></coding></code><definitionCanonical value="https://www.netzwerk-universitaetsmedizin.de/fhir/codex-celida/guideline/covid19-inpatient-therapy/recommended-action/drug-administration-action/no-therapeutic-anticoagulant-certoparin-administration"/></action><action><code><coding><system value="http://snomed.info/sct"/><code value="432102000"/><display value="Administration of substance (procedure)"/></coding></code><definitionCanonical value="https://www.netzwerk-universitaetsmedizin.de/fhir/codex-celida/guideline/covid19-inpatient-therapy/recommended-action/drug-administration-action/no-therapeutic-anticoagulant-argatroban-administration"/></action><action><code><coding><system value="http://snomed.info/sct"/><code value="432102000"/><display value="Administration of substance (procedure)"/></coding></code><definitionCanonical value="https://www.netzwerk-universitaetsmedizin.de/fhir/codex-celida/guideline/covid19-inpatient-therapy/recommended-action/drug-administration-action/no-therapeutic-anticoagulant-tinzaparin-administration"/></action></action></PlanDefinition>