<?xml version="1.0" encoding="UTF-8"?><PlanDefinition xmlns="http://hl7.org/fhir"><id value="VentilatedCOVID19PatientsWithARDSVentilationPlan"/><meta><profile value="https://www.netzwerk-universitaetsmedizin.de/fhir/cpg-on-ebm-on-fhir/StructureDefinition/recommendation-plan"/></meta><extension url="http://hl7.org/fhir/uv/cpg/StructureDefinition/cpg-knowledgeCapability"><valueCode value="computable"/></extension><extension url="http://hl7.org/fhir/uv/cpg/StructureDefinition/cpg-knowledgeRepresentationLevel"><valueCode value="structured"/></extension><extension url="http://hl7.org/fhir/uv/cpg/StructureDefinition/cpg-partOf"><valueCanonical value="https://www.netzwerk-universitaetsmedizin.de/fhir/codex-celida/guideline/covid19-inpatient-therapy/recommendation/ventilation-plan-ards-tidal-volume"/></extension><extension url="https://www.netzwerk-universitaetsmedizin.de/fhir/cpg-on-ebm-on-fhir/StructureDefinition/ext-action-combination-method"><extension url="method"><valueCodeableConcept><coding><system value="https://www.netzwerk-universitaetsmedizin.de/fhir/cpg-on-ebm-on-fhir/CodeSystem/cs-action-combination-method"/><code value="all"/></coding></valueCodeableConcept></extension></extension><url value="https://www.netzwerk-universitaetsmedizin.de/fhir/codex-celida/guideline/covid19-inpatient-therapy/intervention-plan/ventilation-plan"/><version value="7.0"/><name value="Ventilation_Plan"/><title value="Ventilation parameters for COVID-19 patients with ARDS"/><type><coding><system value="http://terminology.hl7.org/CodeSystem/plan-definition-type"/><code value="eca-rule"/></coding></type><status value="active"/><experimental value="true"/><subjectCanonical value="https://www.netzwerk-universitaetsmedizin.de/fhir/codex-celida/guideline/covid19-inpatient-therapy/population/ventilated-covid19-patients-with-ards"/><date value="2022-02"/><publisher value="NUM CODEX+ CELIDA"/><description value="In ventilated patients with COVID-19 and ARDS, tidal volume should be ≤ 6 ml/kg standard body weight, end-inspiratory airway pressure ≤ 30 cm H2O."/><goal id="tidal-volume-goal"><category><coding><system value="http://snomed.info/sct"/><code value="385857005"/><display value="Ventilator care and adjustment (regime/therapy)"/></coding></category><description><text value="Tidal volume ≤ 6 ml/kg standard body weight"/></description><target><measure><coding><system value="https://www.netzwerk-universitaetsmedizin.de/fhir/codex-celida/CodeSystem/codex-celida"/><code value="tvpibw"/><display value="Tidal volume / ideal body weight (ARDSnet)"/></coding></measure><detailRange><high><value value="6"/><unit value="ml/kg"/><system value="http://unitsofmeasure.org"/><code value="ml/kg"/></high></detailRange></target></goal><goal id="end-inspiratory-pressure-goal"><category><coding><system value="http://snomed.info/sct"/><code value="385857005"/><display value="Ventilator care and adjustment (regime/therapy)"/></coding></category><description><text value="End-inspiratory airway pressure ≤ 30 cm H2O"/></description><target><measure><coding><system value="http://loinc.org"/><code value="76259-1"/><display value="Pressure.plateau Respiratory system airway --on ventilator"/></coding></measure><detailRange><high><value value="30"/><unit value="cm[H2O]"/><system value="http://unitsofmeasure.org"/><code value="cm[H2O]"/></high></detailRange></target></goal><action><code><coding><system value="http://snomed.info/sct"/><code value="410210009"/><display value="Ventilator care management (procedure)"/></coding></code><goalId value="tidal-volume-goal"/><goalId value="end-inspiratory-pressure-goal"/></action></PlanDefinition>