{
  "resourceType" : "ActivityDefinition",
  "id" : "ProphylacticAnticoagulationWNadroparin",
  "meta" : {
    "profile" : ["https://www.netzwerk-universitaetsmedizin.de/fhir/cpg-on-ebm-on-fhir/StructureDefinition/drug-administration-action"]
  },
  "text" : {
    "status" : "generated",
    "div" : "<div xmlns=\"http://www.w3.org/1999/xhtml\"><p class=\"res-header-id\"><b>Generated Narrative: ActivityDefinition ProphylacticAnticoagulationWNadroparin</b></p><a name=\"ProphylacticAnticoagulationWNadroparin\"> </a><a name=\"hcProphylacticAnticoagulationWNadroparin\"> </a><a name=\"ProphylacticAnticoagulationWNadroparin-en-US\"> </a><p><b>url</b>: <a href=\"ActivityDefinition-ProphylacticAnticoagulationWNadroparin.html\">ActivityDefinition Antithrombotic prophylaxis with Nadroparin</a></p><p><b>version</b>: 0.1</p><p><b>name</b>: AntithromboticProphylaxisWithPlanNadroparin</p><p><b>title</b>: Antithrombotic prophylaxis with Nadroparin</p><p><b>status</b>: Active</p><p><b>experimental</b>: true</p><p><b>subject</b>: <span title=\"Codes:{http://hl7.org/fhir/fhir-types Patient}\">Patient</span></p><p><b>date</b>: 2024-08-07 14:55:39+0000</p><p><b>publisher</b>: NUM CODEX+ CELIDA</p><p><b>description</b>: </p><div><p>Antithrombotic prophylaxis with Nadroparin in hospitalised COVID-19 patients (in absence of contraindications for LWMH)</p>\n</div><p><b>kind</b>: MedicationRequest</p><p><b>code</b>: <span title=\"Codes:{http://snomed.info/sct 432102000}\">Administration of substance (procedure)</span></p><p><b>product</b>: <span title=\"Codes:{http://snomed.info/sct 699946002}, {http://fhir.de/CodeSystem/bfarm/atc B01AB06}\">Nadroparin (substance)</span></p><blockquote><p><b>dosage</b></p></blockquote><blockquote><p><b>dosage</b></p></blockquote></div>"
  },
  "extension" : [{
    "url" : "http://hl7.org/fhir/uv/cpg/StructureDefinition/cpg-knowledgeCapability",
    "valueCode" : "computable"
  },
  {
    "url" : "http://hl7.org/fhir/uv/cpg/StructureDefinition/cpg-knowledgeRepresentationLevel",
    "valueCode" : "structured"
  }],
  "url" : "https://www.netzwerk-universitaetsmedizin.de/fhir/codex-celida/guideline/covid19-inpatient-therapy/recommended-action/drug-administration-action/antithrombotic-prophylaxis-nadroparin-administration",
  "version" : "0.1",
  "name" : "AntithromboticProphylaxisWithPlanNadroparin",
  "title" : "Antithrombotic prophylaxis with Nadroparin",
  "status" : "active",
  "experimental" : true,
  "subjectCodeableConcept" : {
    "coding" : [{
      "system" : "http://hl7.org/fhir/fhir-types",
      "code" : "Patient"
    }]
  },
  "date" : "2024-08-07T14:55:39+00:00",
  "publisher" : "NUM CODEX+ CELIDA",
  "description" : "Antithrombotic prophylaxis with Nadroparin in hospitalised COVID-19 patients (in absence of contraindications for LWMH)",
  "kind" : "MedicationRequest",
  "code" : {
    "coding" : [{
      "system" : "http://snomed.info/sct",
      "code" : "432102000",
      "display" : "Administration of substance (procedure)"
    }]
  },
  "productCodeableConcept" : {
    "coding" : [{
      "system" : "http://snomed.info/sct",
      "code" : "699946002",
      "display" : "Nadroparin (substance)"
    },
    {
      "system" : "http://fhir.de/CodeSystem/bfarm/atc",
      "code" : "B01AB06",
      "display" : "Nadroparin"
    }]
  },
  "dosage" : [{
    "extension" : [{
      "extension" : [{
        "url" : "type",
        "valueCodeableConcept" : {
          "coding" : [{
            "system" : "http://loinc.org",
            "code" : "29463-7",
            "display" : "Body weight"
          }]
        }
      },
      {
        "url" : "value",
        "valueRange" : {
          "high" : {
            "value" : 70,
            "unit" : "kg",
            "system" : "http://unitsofmeasure.org",
            "code" : "kg"
          }
        }
      }],
      "url" : "https://www.netzwerk-universitaetsmedizin.de/fhir/cpg-on-ebm-on-fhir/StructureDefinition/ext-dosage-condition"
    }],
    "timing" : {
      "repeat" : {
        "frequency" : 1,
        "period" : 1,
        "periodUnit" : "d"
      }
    },
    "route" : {
      "coding" : [{
        "system" : "http://snomed.info/sct",
        "code" : "34206005",
        "display" : "Subcutaneous route (qualifier value)"
      }]
    },
    "doseAndRate" : [{
      "doseQuantity" : {
        "value" : 3800,
        "unit" : "IU",
        "system" : "http://unitsofmeasure.org",
        "code" : "[iU]"
      }
    }]
  },
  {
    "extension" : [{
      "extension" : [{
        "url" : "type",
        "valueCodeableConcept" : {
          "coding" : [{
            "system" : "http://loinc.org",
            "code" : "29463-7",
            "display" : "Body weight"
          }]
        }
      },
      {
        "url" : "value",
        "valueRange" : {
          "low" : {
            "value" : 70.0000001,
            "unit" : "kg",
            "system" : "http://unitsofmeasure.org",
            "code" : "kg"
          }
        }
      }],
      "url" : "https://www.netzwerk-universitaetsmedizin.de/fhir/cpg-on-ebm-on-fhir/StructureDefinition/ext-dosage-condition"
    }],
    "timing" : {
      "repeat" : {
        "frequency" : 1,
        "period" : 1,
        "periodUnit" : "d"
      }
    },
    "route" : {
      "coding" : [{
        "system" : "http://snomed.info/sct",
        "code" : "34206005",
        "display" : "Subcutaneous route (qualifier value)"
      }]
    },
    "doseAndRate" : [{
      "doseQuantity" : {
        "value" : 5700,
        "unit" : "IU",
        "system" : "http://unitsofmeasure.org",
        "code" : "[iU]"
      }
    }]
  }]
}