{
  "resourceType" : "EvidenceVariable",
  "id" : "PopHospitalisedNonICUCOVID19PatientsWITHHighRisk",
  "meta" : {
    "profile" : ["https://www.netzwerk-universitaetsmedizin.de/fhir/cpg-on-ebm-on-fhir/StructureDefinition/recommendation-eligibility-criteria"]
  },
  "text" : {
    "status" : "generated",
    "div" : "<div xmlns=\"http://www.w3.org/1999/xhtml\"><p class=\"res-header-id\"><b>Generated Narrative: EvidenceVariable PopHospitalisedNonICUCOVID19PatientsWITHHighRisk</b></p><a name=\"PopHospitalisedNonICUCOVID19PatientsWITHHighRisk\"> </a><a name=\"hcPopHospitalisedNonICUCOVID19PatientsWITHHighRisk\"> </a><a name=\"PopHospitalisedNonICUCOVID19PatientsWITHHighRisk-en-US\"> </a><p><b>url</b>: <a href=\"EvidenceVariable-PopHospitalisedNonICUCOVID19PatientsWITHHighRisk.html\">EvidenceVariable Population: Hospitalised COVID-19 patients without the need for intensive care therapy considered high-risk for developing venous thrombosis</a></p><p><b>identifier</b>: <code>https://www.ceosys.de</code>/WITHHighRisk</p><p><b>name</b>: COVID19_patients_NOT_ICU_with_high_risk</p><p><b>title</b>: Population: Hospitalised COVID-19 patients without the need for intensive care therapy considered high-risk for developing venous thrombosis</p><p><b>status</b>: Active</p><p><b>date</b>: 2024-08-07 14:55:39+0000</p><p><b>description</b>: </p><div><p>Population for recommendation 17 from guideline from https://www.awmf.org/leitlinien/detail/ll/113-001LG.html with characteristics: without the need for intensive care therapy, considered high-risk for developing venous thrombosis</p>\n</div><blockquote><p><b>characteristic</b></p><p><b>exclude</b>: true</p><blockquote><p><b>definitionByCombination</b></p><p><b>code</b>: Any of</p><blockquote><p><b>characteristic</b></p></blockquote></blockquote></blockquote><blockquote><p><b>characteristic</b></p><p><b>exclude</b>: false</p><h3>DefinitionByTypeAndValues</h3><table class=\"grid\"><tr><td style=\"display: none\">-</td><td><b>Type</b></td><td><b>Value[x]</b></td></tr><tr><td style=\"display: none\">*</td><td><span title=\"Codes:{http://snomed.info/sct 404684003}\">Clinical finding (finding)</span></td><td><span title=\"Codes:{http://snomed.info/sct 840539006}\">Disease caused by Severe acute respiratory syndrome coronavirus 2 (disorder)</span></td></tr></table></blockquote><blockquote><p><b>characteristic</b></p><p><b>linkId</b>: ddimer-range</p><p><b>exclude</b>: false</p><h3>DefinitionByTypeAndValues</h3><table class=\"grid\"><tr><td style=\"display: none\">-</td><td><b>Type</b></td><td><b>Value[x]</b></td></tr><tr><td style=\"display: none\">*</td><td><span title=\"Codes:{http://loinc.org 48066-5}\">Fibrin D-dimer DDU [Mass/volume] in Platelet poor plasma</span></td><td>2-?</td></tr></table></blockquote></div>"
  },
  "url" : "https://www.netzwerk-universitaetsmedizin.de/fhir/codex-celida/guideline/covid19-inpatient-therapy/population/hospitalised-non-icu-covid19-patients-high-risk",
  "identifier" : [{
    "system" : "https://www.ceosys.de",
    "value" : "WITHHighRisk"
  }],
  "name" : "COVID19_patients_NOT_ICU_with_high_risk",
  "title" : "Population: Hospitalised COVID-19 patients without the need for intensive care therapy considered high-risk for developing venous thrombosis",
  "status" : "active",
  "date" : "2024-08-07T14:55:39+00:00",
  "description" : "Population for recommendation 17 from guideline from https://www.awmf.org/leitlinien/detail/ll/113-001LG.html with characteristics: without the need for intensive care therapy, considered high-risk for developing venous thrombosis",
  "characteristic" : [{
    "exclude" : true,
    "definitionByCombination" : {
      "code" : "any-of",
      "characteristic" : [{
        "linkId" : "intensive-care-treatment",
        "exclude" : false,
        "definitionByTypeAndValue" : {
          "type" : {
            "coding" : [{
              "system" : "http://loinc.org",
              "code" : "78030-4",
              "display" : "Episode of care Type"
            }]
          },
          "valueCodeableConcept" : {
            "coding" : [{
              "system" : "http://fhir.de/CodeSystem/kontaktart-de",
              "code" : "intensivstationaer",
              "display" : "Intensivstationär"
            }]
          }
        }
      }]
    }
  },
  {
    "exclude" : false,
    "definitionByTypeAndValue" : {
      "type" : {
        "coding" : [{
          "system" : "http://snomed.info/sct",
          "code" : "404684003",
          "display" : "Clinical finding (finding)"
        }]
      },
      "valueCodeableConcept" : {
        "coding" : [{
          "system" : "http://snomed.info/sct",
          "code" : "840539006",
          "display" : "Disease caused by Severe acute respiratory syndrome coronavirus 2 (disorder)"
        }]
      }
    }
  },
  {
    "linkId" : "ddimer-range",
    "exclude" : false,
    "definitionByTypeAndValue" : {
      "type" : {
        "coding" : [{
          "system" : "http://loinc.org",
          "code" : "48066-5",
          "display" : "Fibrin D-dimer DDU [Mass/volume] in Platelet poor plasma"
        }]
      },
      "valueRange" : {
        "low" : {
          "value" : 2,
          "system" : "http://unitsofmeasure.org",
          "code" : "mg/L"
        }
      }
    }
  }]
}