{
  "resourceType" : "EvidenceVariable",
  "id" : "PopVentilatedCOVID19patientsWithARDSWithOxygenationFailure",
  "meta" : {
    "profile" : ["https://www.netzwerk-universitaetsmedizin.de/fhir/cpg-on-ebm-on-fhir/StructureDefinition/recommendation-eligibility-criteria"]
  },
  "text" : {
    "status" : "generated",
    "div" : "<div xmlns=\"http://www.w3.org/1999/xhtml\"><p class=\"res-header-id\"><b>Generated Narrative: EvidenceVariable PopVentilatedCOVID19patientsWithARDSWithOxygenationFailure</b></p><a name=\"PopVentilatedCOVID19patientsWithARDSWithOxygenationFailure\"> </a><a name=\"hcPopVentilatedCOVID19patientsWithARDSWithOxygenationFailure\"> </a><a name=\"PopVentilatedCOVID19patientsWithARDSWithOxygenationFailure-en-US\"> </a><p><b>url</b>: <a href=\"EvidenceVariable-PopVentilatedCOVID19patientsWithARDSWithOxygenationFailure.html\">EvidenceVariable Population: Ventilated COVID-19 Patients with severe ARDS</a></p><p><b>name</b>: Population_COVID19_Ventilated_With_severe_ARDS</p><p><b>title</b>: Population: Ventilated COVID-19 Patients with severe ARDS</p><p><b>status</b>: Active</p><p><b>date</b>: 2024-08-07 14:55:39+0000</p><p><b>description</b>: </p><div><p>Ventilated COVID-19 patients with severe ARDS, defined by oxygenation failure (Horovitz Quotient lower than 150)</p>\n</div><blockquote><p><b>characteristic</b></p><p><b>exclude</b>: false</p><blockquote><p><b>definitionByCombination</b></p><p><b>code</b>: All of</p><blockquote><p><b>characteristic</b></p></blockquote><blockquote><p><b>characteristic</b></p></blockquote><blockquote><p><b>characteristic</b></p></blockquote><blockquote><p><b>characteristic</b></p></blockquote></blockquote></blockquote></div>"
  },
  "url" : "https://www.netzwerk-universitaetsmedizin.de/fhir/codex-celida/guideline/covid19-inpatient-therapy/population/ventilated-covid19-patients-with-ards-with-oxygenation-failure",
  "name" : "Population_COVID19_Ventilated_With_severe_ARDS",
  "title" : "Population: Ventilated COVID-19 Patients with severe ARDS",
  "status" : "active",
  "date" : "2024-08-07T14:55:39+00:00",
  "description" : "Ventilated COVID-19 patients with severe ARDS, defined by oxygenation failure (Horovitz Quotient lower than 150)",
  "characteristic" : [{
    "exclude" : false,
    "definitionByCombination" : {
      "code" : "all-of",
      "characteristic" : [{
        "linkId" : "covid19",
        "exclude" : false,
        "definitionByTypeAndValue" : {
          "type" : {
            "coding" : [{
              "system" : "http://snomed.info/sct",
              "code" : "404684003",
              "display" : "Clinical finding (finding)"
            }]
          },
          "valueCodeableConcept" : {
            "coding" : [{
              "system" : "http://snomed.info/sct",
              "code" : "840539006",
              "display" : "Disease caused by Severe acute respiratory syndrome coronavirus 2 (disorder)"
            }]
          }
        }
      },
      {
        "exclude" : false,
        "definitionByTypeAndValue" : {
          "type" : {
            "coding" : [{
              "system" : "http://snomed.info/sct",
              "code" : "71388002",
              "display" : "Procedure (procedure)"
            }]
          },
          "valueCodeableConcept" : {
            "coding" : [{
              "system" : "http://snomed.info/sct",
              "code" : "40617009",
              "display" : "Artificial ventilation (regime/therapy)"
            }]
          }
        }
      },
      {
        "exclude" : false,
        "definitionByTypeAndValue" : {
          "type" : {
            "coding" : [{
              "system" : "http://snomed.info/sct",
              "code" : "404684003",
              "display" : "Clinical finding (finding)"
            }]
          },
          "valueCodeableConcept" : {
            "coding" : [{
              "system" : "http://snomed.info/sct",
              "code" : "67782005",
              "display" : "Acute respiratory distress syndrome (disorder)"
            }]
          }
        }
      },
      {
        "linkId" : "horowitz-limit",
        "exclude" : false,
        "definitionByTypeAndValue" : {
          "type" : {
            "coding" : [{
              "system" : "http://loinc.org",
              "code" : "50984-4",
              "display" : "Horowitz index in Arterial blood"
            }]
          },
          "valueRange" : {
            "high" : {
              "value" : 150,
              "unit" : "mm[Hg]",
              "system" : "http://unitsofmeasure.org",
              "code" : "mm[Hg]"
            }
          }
        }
      }]
    }
  }]
}