<?xml version="1.0" encoding="UTF-8"?>

<EvidenceVariable xmlns="http://hl7.org/fhir">
  <id value="PopHospitalisedNonICUCOVID19PatientsWITHHighRisk"/>
  <meta>
    <profile value="https://www.netzwerk-universitaetsmedizin.de/fhir/cpg-on-ebm-on-fhir/StructureDefinition/recommendation-eligibility-criteria"/>
  </meta>
  <text>
    <status value="generated"/><div xmlns="http://www.w3.org/1999/xhtml"><p class="res-header-id"><b>Generated Narrative: EvidenceVariable PopHospitalisedNonICUCOVID19PatientsWITHHighRisk</b></p><a name="PopHospitalisedNonICUCOVID19PatientsWITHHighRisk"> </a><a name="hcPopHospitalisedNonICUCOVID19PatientsWITHHighRisk"> </a><a name="PopHospitalisedNonICUCOVID19PatientsWITHHighRisk-en-US"> </a><p><b>url</b>: <a href="EvidenceVariable-PopHospitalisedNonICUCOVID19PatientsWITHHighRisk.html">EvidenceVariable Population: Hospitalised COVID-19 patients without the need for intensive care therapy considered high-risk for developing venous thrombosis</a></p><p><b>identifier</b>: <code>https://www.ceosys.de</code>/WITHHighRisk</p><p><b>name</b>: COVID19_patients_NOT_ICU_with_high_risk</p><p><b>title</b>: Population: Hospitalised COVID-19 patients without the need for intensive care therapy considered high-risk for developing venous thrombosis</p><p><b>status</b>: Active</p><p><b>date</b>: 2024-08-07 14:55:39+0000</p><p><b>description</b>: </p><div><p>Population for recommendation 17 from guideline from https://www.awmf.org/leitlinien/detail/ll/113-001LG.html with characteristics: without the need for intensive care therapy, considered high-risk for developing venous thrombosis</p>
</div><blockquote><p><b>characteristic</b></p><p><b>exclude</b>: true</p><blockquote><p><b>definitionByCombination</b></p><p><b>code</b>: Any of</p><blockquote><p><b>characteristic</b></p></blockquote></blockquote></blockquote><blockquote><p><b>characteristic</b></p><p><b>exclude</b>: false</p><h3>DefinitionByTypeAndValues</h3><table class="grid"><tr><td style="display: none">-</td><td><b>Type</b></td><td><b>Value[x]</b></td></tr><tr><td style="display: none">*</td><td><span title="Codes:{http://snomed.info/sct 404684003}">Clinical finding (finding)</span></td><td><span title="Codes:{http://snomed.info/sct 840539006}">Disease caused by Severe acute respiratory syndrome coronavirus 2 (disorder)</span></td></tr></table></blockquote><blockquote><p><b>characteristic</b></p><p><b>linkId</b>: ddimer-range</p><p><b>exclude</b>: false</p><h3>DefinitionByTypeAndValues</h3><table class="grid"><tr><td style="display: none">-</td><td><b>Type</b></td><td><b>Value[x]</b></td></tr><tr><td style="display: none">*</td><td><span title="Codes:{http://loinc.org 48066-5}">Fibrin D-dimer DDU [Mass/volume] in Platelet poor plasma</span></td><td>2-?</td></tr></table></blockquote></div>
  </text>
  <url value="https://www.netzwerk-universitaetsmedizin.de/fhir/codex-celida/guideline/covid19-inpatient-therapy/population/hospitalised-non-icu-covid19-patients-high-risk"/>
  <identifier>
    <system value="https://www.ceosys.de"/>
    <value value="WITHHighRisk"/>
  </identifier>
  <name value="COVID19_patients_NOT_ICU_with_high_risk"/>
  <title value="Population: Hospitalised COVID-19 patients without the need for intensive care therapy considered high-risk for developing venous thrombosis"/>
  <status value="active"/>
  <date value="2024-08-07T14:55:39+00:00"/>
  <description value="Population for recommendation 17 from guideline from https://www.awmf.org/leitlinien/detail/ll/113-001LG.html with characteristics: without the need for intensive care therapy, considered high-risk for developing venous thrombosis"/>
  <characteristic>
    <exclude value="true"/>
    <definitionByCombination>
      <code value="any-of"/>
      <characteristic>
        <linkId value="intensive-care-treatment"/>
        <exclude value="false"/>
        <definitionByTypeAndValue>
          <type>
            <coding>
              <system value="http://loinc.org"/>
              <code value="78030-4"/>
              <display value="Episode of care Type"/>
            </coding>
          </type>
          <valueCodeableConcept>
            <coding>
              <system value="http://fhir.de/CodeSystem/kontaktart-de"/>
              <code value="intensivstationaer"/>
              <display value="Intensivstationär"/>
            </coding>
          </valueCodeableConcept>
        </definitionByTypeAndValue>
      </characteristic>
    </definitionByCombination>
  </characteristic>
  <characteristic>
    <exclude value="false"/>
    <definitionByTypeAndValue>
      <type>
        <coding>
          <system value="http://snomed.info/sct"/>
          <code value="404684003"/>
          <display value="Clinical finding (finding)"/>
        </coding>
      </type>
      <valueCodeableConcept>
        <coding>
          <system value="http://snomed.info/sct"/>
          <code value="840539006"/>
          <display value="Disease caused by Severe acute respiratory syndrome coronavirus 2 (disorder)"/>
        </coding>
      </valueCodeableConcept>
    </definitionByTypeAndValue>
  </characteristic>
  <characteristic>
    <linkId value="ddimer-range"/>
    <exclude value="false"/>
    <definitionByTypeAndValue>
      <type>
        <coding>
          <system value="http://loinc.org"/>
          <code value="48066-5"/>
          <display value="Fibrin D-dimer DDU [Mass/volume] in Platelet poor plasma"/>
        </coding>
      </type>
      <valueRange>
        <low>
          <value value="2"/>
          <system value="http://unitsofmeasure.org"/>
          <code value="mg/L"/>
        </low>
      </valueRange>
    </definitionByTypeAndValue>
  </characteristic>
</EvidenceVariable>