<?xml version="1.0" encoding="UTF-8"?>

<EvidenceVariable xmlns="http://hl7.org/fhir">
  <id value="PopulationVentilatedCOVID19patients-fio2-point9"/>
  <meta>
    <profile value="https://www.netzwerk-universitaetsmedizin.de/fhir/cpg-on-ebm-on-fhir/StructureDefinition/recommendation-eligibility-criteria"/>
  </meta>
  <text>
    <status value="generated"/><div xmlns="http://www.w3.org/1999/xhtml"><p class="res-header-id"><b>Generated Narrative: EvidenceVariable PopulationVentilatedCOVID19patients-fio2-point9</b></p><a name="PopulationVentilatedCOVID19patients-fio2-point9"> </a><a name="hcPopulationVentilatedCOVID19patients-fio2-point9"> </a><a name="PopulationVentilatedCOVID19patients-fio2-point9-en-US"> </a><p><b>url</b>: <a href="EvidenceVariable-PopulationVentilatedCOVID19patients-fio2-point9.html">EvidenceVariable Population: Ventilated COVID-19 Patients, inspiratory oxygen fraction currently 0.9</a></p><p><b>name</b>: Population_COVID19_Ventilated_FiO2_0.9</p><p><b>title</b>: Population: Ventilated COVID-19 Patients, inspiratory oxygen fraction currently 0.9</p><p><b>status</b>: Active</p><p><b>date</b>: 2024-08-07 14:55:39+0000</p><p><b>description</b>: </p><div><p>Ventilated COVID-19 patients, inspiratory oxygen fraction currently 0.9 - 0.99</p>
</div><blockquote><p><b>characteristic</b></p><p><b>exclude</b>: false</p><blockquote><p><b>definitionByCombination</b></p><p><b>code</b>: All of</p><blockquote><p><b>characteristic</b></p></blockquote><blockquote><p><b>characteristic</b></p></blockquote><blockquote><p><b>characteristic</b></p></blockquote></blockquote></blockquote></div>
  </text>
  <url value="https://www.netzwerk-universitaetsmedizin.de/fhir/codex-celida/guideline/covid19-inpatient-therapy/population/ventilated-covid19-patients-fio2-point9"/>
  <name value="Population_COVID19_Ventilated_FiO2_0.9"/>
  <title value="Population: Ventilated COVID-19 Patients, inspiratory oxygen fraction currently 0.9"/>
  <status value="active"/>
  <date value="2024-08-07T14:55:39+00:00"/>
  <description value="Ventilated COVID-19 patients, inspiratory oxygen fraction currently 0.9 - 0.99"/>
  <characteristic>
    <exclude value="false"/>
    <definitionByCombination>
      <code value="all-of"/>
      <characteristic>
        <linkId value="covid19"/>
        <exclude value="false"/>
        <definitionByTypeAndValue>
          <type>
            <coding>
              <system value="http://snomed.info/sct"/>
              <code value="404684003"/>
              <display value="Clinical finding (finding)"/>
            </coding>
          </type>
          <valueCodeableConcept>
            <coding>
              <system value="http://snomed.info/sct"/>
              <code value="840539006"/>
              <display value="Disease caused by Severe acute respiratory syndrome coronavirus 2 (disorder)"/>
            </coding>
          </valueCodeableConcept>
        </definitionByTypeAndValue>
      </characteristic>
      <characteristic>
        <exclude value="false"/>
        <definitionByTypeAndValue>
          <type>
            <coding>
              <system value="http://snomed.info/sct"/>
              <code value="71388002"/>
              <display value="Procedure (procedure)"/>
            </coding>
          </type>
          <valueCodeableConcept>
            <coding>
              <system value="http://snomed.info/sct"/>
              <code value="40617009"/>
              <display value="Artificial ventilation (regime/therapy)"/>
            </coding>
          </valueCodeableConcept>
        </definitionByTypeAndValue>
      </characteristic>
      <characteristic>
        <definitionByTypeAndValue>
          <type>
            <coding>
              <system value="http://loinc.org"/>
              <code value="3150-0"/>
              <display value="Inhaled oxygen concentration"/>
            </coding>
          </type>
          <valueRange>
            <low>
              <value value="90"/>
              <unit value="%"/>
              <system value="http://unitsofmeasure.org"/>
              <code value="%"/>
            </low>
            <high>
              <value value="99.9999999999999"/>
              <unit value="%"/>
              <system value="http://unitsofmeasure.org"/>
              <code value="%"/>
            </high>
          </valueRange>
        </definitionByTypeAndValue>
      </characteristic>
    </definitionByCombination>
  </characteristic>
</EvidenceVariable>