{
  "resourceType" : "EvidenceVariable",
  "id" : "PopHospitalisedICUCOVID19Patients",
  "meta" : {
    "profile" : ["https://www.netzwerk-universitaetsmedizin.de/fhir/cpg-on-ebm-on-fhir/StructureDefinition/recommendation-eligibility-criteria"]
  },
  "text" : {
    "status" : "generated",
    "div" : "<div xmlns=\"http://www.w3.org/1999/xhtml\"><p class=\"res-header-id\"><b>Generated Narrative: EvidenceVariable PopHospitalisedICUCOVID19Patients</b></p><a name=\"PopHospitalisedICUCOVID19Patients\"> </a><a name=\"hcPopHospitalisedICUCOVID19Patients\"> </a><a name=\"PopHospitalisedICUCOVID19Patients-en-US\"> </a><p><b>url</b>: <a href=\"EvidenceVariable-PopHospitalisedICUCOVID19Patients.html\">EvidenceVariable Hospitalised COVID-19 patients, treated on ICU, without thrombembolic complication</a></p><p><b>identifier</b>: <code>https://www.ceosys.de</code>/HospitalICUCOVID19WOThrombembolic</p><p><b>name</b>: COVID19_ICU_patients_without_thrombembolic complication</p><p><b>title</b>: Hospitalised COVID-19 patients, treated on ICU, without thrombembolic complication</p><p><b>status</b>: Active</p><p><b>date</b>: 2024-08-07 14:55:39+0000</p><p><b>description</b>: </p><div><p>COVID 19 patients without a thrombembolic complication</p>\n</div><p><b>actual</b>: false</p><blockquote><p><b>characteristic</b></p><p><b>exclude</b>: true</p><blockquote><p><b>definitionByCombination</b></p><p><b>code</b>: Any of</p><blockquote><p><b>characteristic</b></p></blockquote><blockquote><p><b>characteristic</b></p></blockquote><blockquote><p><b>characteristic</b></p></blockquote></blockquote></blockquote><blockquote><p><b>characteristic</b></p><p><b>linkId</b>: covid19</p><p><b>exclude</b>: false</p><h3>DefinitionByTypeAndValues</h3><table class=\"grid\"><tr><td style=\"display: none\">-</td><td><b>Type</b></td><td><b>Value[x]</b></td></tr><tr><td style=\"display: none\">*</td><td><span title=\"Codes:{http://snomed.info/sct 404684003}\">Clinical finding (finding)</span></td><td><span title=\"Codes:{http://snomed.info/sct 840539006}\">Disease caused by Severe acute respiratory syndrome coronavirus 2 (disorder)</span></td></tr></table></blockquote><blockquote><p><b>characteristic</b></p><p><b>linkId</b>: intensive-care-treatment</p><p><b>exclude</b>: false</p><h3>DefinitionByTypeAndValues</h3><table class=\"grid\"><tr><td style=\"display: none\">-</td><td><b>Type</b></td><td><b>Value[x]</b></td></tr><tr><td style=\"display: none\">*</td><td><span title=\"Codes:{http://loinc.org 78030-4}\">Episode of care Type</span></td><td><span title=\"Codes:{http://fhir.de/CodeSystem/kontaktart-de intensivstationaer}\">Intensivstationär</span></td></tr></table></blockquote></div>"
  },
  "url" : "https://www.netzwerk-universitaetsmedizin.de/fhir/codex-celida/guideline/covid19-inpatient-therapy/population/hospitalised-icu-covid19-patients-without-thrombembolic-complication",
  "identifier" : [{
    "system" : "https://www.ceosys.de",
    "value" : "HospitalICUCOVID19WOThrombembolic"
  }],
  "name" : "COVID19_ICU_patients_without_thrombembolic complication",
  "title" : "Hospitalised COVID-19 patients, treated on ICU, without thrombembolic complication",
  "status" : "active",
  "date" : "2024-08-07T14:55:39+00:00",
  "description" : "COVID 19 patients without a thrombembolic complication",
  "actual" : false,
  "characteristic" : [{
    "exclude" : true,
    "definitionByCombination" : {
      "code" : "any-of",
      "characteristic" : [{
        "linkId" : "venous-thrombosis",
        "exclude" : false,
        "definitionByTypeAndValue" : {
          "type" : {
            "coding" : [{
              "system" : "http://snomed.info/sct",
              "code" : "404684003",
              "display" : "Clinical finding (finding)"
            }]
          },
          "valueCodeableConcept" : {
            "coding" : [{
              "system" : "http://snomed.info/sct",
              "code" : "111293003",
              "display" : "Venous Thrombosis"
            }]
          }
        }
      },
      {
        "linkId" : "pulmonary-embolism",
        "exclude" : false,
        "definitionByTypeAndValue" : {
          "type" : {
            "coding" : [{
              "system" : "http://snomed.info/sct",
              "code" : "404684003",
              "display" : "Clinical finding (finding)"
            }]
          },
          "valueCodeableConcept" : {
            "coding" : [{
              "system" : "http://snomed.info/sct",
              "code" : "59282003",
              "display" : "Pulmonary embolism (disorder)"
            }]
          }
        }
      },
      {
        "linkId" : "atrial-fibrillation",
        "exclude" : false,
        "definitionByTypeAndValue" : {
          "type" : {
            "coding" : [{
              "system" : "http://snomed.info/sct",
              "code" : "404684003",
              "display" : "Clinical finding (finding)"
            }]
          },
          "valueCodeableConcept" : {
            "coding" : [{
              "system" : "http://snomed.info/sct",
              "code" : "49436004",
              "display" : "Atrial fibrillation (disorder)"
            }]
          }
        }
      }]
    }
  },
  {
    "linkId" : "covid19",
    "exclude" : false,
    "definitionByTypeAndValue" : {
      "type" : {
        "coding" : [{
          "system" : "http://snomed.info/sct",
          "code" : "404684003",
          "display" : "Clinical finding (finding)"
        }]
      },
      "valueCodeableConcept" : {
        "coding" : [{
          "system" : "http://snomed.info/sct",
          "code" : "840539006",
          "display" : "Disease caused by Severe acute respiratory syndrome coronavirus 2 (disorder)"
        }]
      }
    }
  },
  {
    "linkId" : "intensive-care-treatment",
    "exclude" : false,
    "definitionByTypeAndValue" : {
      "type" : {
        "coding" : [{
          "system" : "http://loinc.org",
          "code" : "78030-4",
          "display" : "Episode of care Type"
        }]
      },
      "valueCodeableConcept" : {
        "coding" : [{
          "system" : "http://fhir.de/CodeSystem/kontaktart-de",
          "code" : "intensivstationaer",
          "display" : "Intensivstationär"
        }]
      }
    }
  }]
}