{
  "resourceType" : "EvidenceVariable",
  "id" : "PopulationVentilatedARDSPatients",
  "meta" : {
    "profile" : ["https://www.netzwerk-universitaetsmedizin.de/fhir/cpg-on-ebm-on-fhir/StructureDefinition/recommendation-eligibility-criteria"]
  },
  "text" : {
    "status" : "generated",
    "div" : "<div xmlns=\"http://www.w3.org/1999/xhtml\"><p class=\"res-header-id\"><b>Generated Narrative: EvidenceVariable PopulationVentilatedARDSPatients</b></p><a name=\"PopulationVentilatedARDSPatients\"> </a><a name=\"hcPopulationVentilatedARDSPatients\"> </a><a name=\"PopulationVentilatedARDSPatients-en-US\"> </a><p><b>url</b>: <a href=\"EvidenceVariable-PopulationVentilatedARDSPatients.html\">EvidenceVariable Population: Ventilated patients with ARDS</a></p><p><b>name</b>: Population_Ventilated_Patients_With_ARDS</p><p><b>title</b>: Population: Ventilated patients with ARDS</p><p><b>status</b>: Active</p><p><b>date</b>: 2024-08-07 14:55:39+0000</p><p><b>description</b>: </p><div><p>Ventilated patients with ARDS</p>\n</div><blockquote><p><b>characteristic</b></p><p><b>exclude</b>: false</p><blockquote><p><b>definitionByCombination</b></p><p><b>code</b>: All of</p><blockquote><p><b>characteristic</b></p></blockquote><blockquote><p><b>characteristic</b></p></blockquote></blockquote></blockquote></div>"
  },
  "url" : "https://www.netzwerk-universitaetsmedizin.de/fhir/codex-celida/guideline/sepsis/population/ventilated-patients-with-ards",
  "name" : "Population_Ventilated_Patients_With_ARDS",
  "title" : "Population: Ventilated patients with ARDS",
  "status" : "active",
  "date" : "2024-08-07T14:55:39+00:00",
  "description" : "Ventilated patients with ARDS",
  "characteristic" : [{
    "exclude" : false,
    "definitionByCombination" : {
      "code" : "all-of",
      "characteristic" : [{
        "exclude" : false,
        "definitionByTypeAndValue" : {
          "type" : {
            "coding" : [{
              "system" : "http://snomed.info/sct",
              "code" : "71388002",
              "display" : "Procedure (procedure)"
            }]
          },
          "valueCodeableConcept" : {
            "coding" : [{
              "system" : "http://snomed.info/sct",
              "code" : "40617009",
              "display" : "Artificial ventilation (regime/therapy)"
            }]
          }
        }
      },
      {
        "exclude" : false,
        "definitionByTypeAndValue" : {
          "type" : {
            "coding" : [{
              "system" : "http://snomed.info/sct",
              "code" : "404684003",
              "display" : "Clinical finding (finding)"
            }]
          },
          "valueCodeableConcept" : {
            "coding" : [{
              "system" : "http://snomed.info/sct",
              "code" : "67782005",
              "display" : "Acute respiratory distress syndrome (disorder)"
            }]
          }
        }
      }]
    }
  }]
}