{
  "resourceType" : "PlanDefinition",
  "id" : "RecommendationCollectionAbdominalPositioningARDS",
  "meta" : {
    "profile" : ["https://www.netzwerk-universitaetsmedizin.de/fhir/cpg-on-ebm-on-fhir/StructureDefinition/recommendation"]
  },
  "text" : {
    "status" : "generated",
    "div" : "<div xmlns=\"http://www.w3.org/1999/xhtml\"><p class=\"res-header-id\"><b>Generated Narrative: PlanDefinition RecommendationCollectionAbdominalPositioningARDS</b></p><a name=\"RecommendationCollectionAbdominalPositioningARDS\"> </a><a name=\"hcRecommendationCollectionAbdominalPositioningARDS\"> </a><a name=\"RecommendationCollectionAbdominalPositioningARDS-en-US\"> </a><p><b>url</b>: <a href=\"PlanDefinition-RecommendationCollectionAbdominalPositioningARDS.html\">PlanDefinition Abdominal positioning for ventilated patients with ARDS and a PaO2/FiO2 &lt; 150 mmHg</a></p><p><b>version</b>: 1.0</p><p><b>name</b>: 36b - Abdominal Positioning</p><p><b>title</b>: Abdominal positioning for ventilated patients with ARDS and a PaO2/FiO2 &lt; 150 mmHg</p><p><b>type</b>: <span title=\"Codes:{http://terminology.hl7.org/CodeSystem/plan-definition-type workflow-definition}\">Workflow Definition</span></p><p><b>status</b>: Active</p><p><b>experimental</b>: true</p><p><b>date</b>: 2022-02-14</p><p><b>publisher</b>: Deutsche Gesellschaft für Internistische Intensivmedizin und Notfallmedizin e.V. (DGIIN)</p><p><b>description</b>: </p><div><p>Bei ARDS und einem PaO2/FiO2 &lt; 150 mmHg soll konsequent eine Bauchlagerung durchgeführt werden, das Bauchlagerungsintervall beträgt dabei mind. 16 Stunden.</p>\n</div><h3>Actions</h3><table class=\"grid\"><tr><td style=\"display: none\">-</td><td><b>Title</b></td><td><b>Description</b></td><td><b>Code</b></td><td><b>Definition[x]</b></td></tr><tr><td style=\"display: none\">*</td><td>Abdominal_Positioning_Plan_In_Case_Of_ARDS_And_PaO2/FiO2_&lt;_150mmHg</td><td><div><p>In ARDS and a PaO2/FiO2 &lt; 150 mmHg, abdominal positioning should be consistently performed, with an abdominal positioning interval of at least 16 hours.</p>\n</div></td><td><span title=\"Codes:{http://hl7.org/fhir/uv/cpg/CodeSystem/cpg-common-process guideline-based-care}\">Guideline-based Care</span></td><td><a href=\"PlanDefinition-AbdominalPositioningARDSPlan.html\">Abdominal positioning plan in case of ARDS and a PaO2/FiO2 &lt; 150 mmHg</a></td></tr></table></div>"
  },
  "extension" : [{
    "url" : "http://hl7.org/fhir/uv/cpg/StructureDefinition/cpg-knowledgeCapability",
    "valueCode" : "computable"
  },
  {
    "url" : "http://hl7.org/fhir/uv/cpg/StructureDefinition/cpg-knowledgeRepresentationLevel",
    "valueCode" : "structured"
  },
  {
    "extension" : [{
      "url" : "method",
      "valueCodeableConcept" : {
        "coding" : [{
          "system" : "https://www.netzwerk-universitaetsmedizin.de/fhir/cpg-on-ebm-on-fhir/CodeSystem/cs-action-combination-method",
          "code" : "exactly"
        }]
      }
    },
    {
      "url" : "threshold",
      "valuePositiveInt" : 1
    }],
    "url" : "https://www.netzwerk-universitaetsmedizin.de/fhir/cpg-on-ebm-on-fhir/StructureDefinition/ext-action-combination-method"
  }],
  "url" : "https://www.netzwerk-universitaetsmedizin.de/fhir/codex-celida/guideline/covid19-inpatient-therapy/recommendation/covid19-abdominal-positioning-ards",
  "version" : "1.0",
  "name" : "36b - Abdominal Positioning",
  "title" : "Abdominal positioning for ventilated patients with ARDS and a PaO2/FiO2 < 150 mmHg",
  "type" : {
    "coding" : [{
      "system" : "http://terminology.hl7.org/CodeSystem/plan-definition-type",
      "code" : "workflow-definition"
    }]
  },
  "status" : "active",
  "experimental" : true,
  "date" : "2022-02-14",
  "publisher" : "Deutsche Gesellschaft für Internistische Intensivmedizin und Notfallmedizin e.V. (DGIIN)",
  "description" : "Bei ARDS und einem PaO2/FiO2 < 150 mmHg soll konsequent eine Bauchlagerung durchgeführt werden, das Bauchlagerungsintervall beträgt dabei mind. 16 Stunden.",
  "action" : [{
    "title" : "Abdominal_Positioning_Plan_In_Case_Of_ARDS_And_PaO2/FiO2_<_150mmHg",
    "description" : "In ARDS and a PaO2/FiO2 < 150 mmHg, abdominal positioning should be consistently performed, with an abdominal positioning interval of at least 16 hours.",
    "code" : {
      "coding" : [{
        "system" : "http://hl7.org/fhir/uv/cpg/CodeSystem/cpg-common-process",
        "code" : "guideline-based-care"
      }]
    },
    "definitionCanonical" : "https://www.netzwerk-universitaetsmedizin.de/fhir/codex-celida/guideline/covid19-inpatient-therapy/intervention-plan/abdominal-positioning-ARDS-plan"
  }]
}