{
  "resourceType" : "PlanDefinition",
  "id" : "AntithrombLWMHProphInHospitalisedCOVID19PatientsRecommPlan",
  "meta" : {
    "profile" : ["https://www.netzwerk-universitaetsmedizin.de/fhir/cpg-on-ebm-on-fhir/StructureDefinition/recommendation-plan"]
  },
  "text" : {
    "status" : "generated",
    "div" : "<div xmlns=\"http://www.w3.org/1999/xhtml\"><p class=\"res-header-id\"><b>Generated Narrative: PlanDefinition AntithrombLWMHProphInHospitalisedCOVID19PatientsRecommPlan</b></p><a name=\"AntithrombLWMHProphInHospitalisedCOVID19PatientsRecommPlan\"> </a><a name=\"hcAntithrombLWMHProphInHospitalisedCOVID19PatientsRecommPlan\"> </a><a name=\"AntithrombLWMHProphInHospitalisedCOVID19PatientsRecommPlan-en-US\"> </a><p><b>url</b>: <a href=\"PlanDefinition-AntithrombLWMHProphInHospitalisedCOVID19PatientsRecommPlan.html\">PlanDefinition Antithrombotic prophylaxis with LWMH in hospitalised COVID-19 patients</a></p><p><b>version</b>: 0.1</p><p><b>name</b>: AntithromboticProphylaxisWithLWMH</p><p><b>title</b>: Antithrombotic prophylaxis with LWMH in hospitalised COVID-19 patients</p><p><b>type</b>: <span title=\"Codes:{http://terminology.hl7.org/CodeSystem/plan-definition-type eca-rule}\">ECA Rule</span></p><p><b>status</b>: Active</p><p><b>experimental</b>: true</p><p><b>subject</b>: <a href=\"EvidenceVariable-PopHospitalisedCOVID19PatientsWOContraIndications.html\">Population: Hospitalised COVID-19 patients without contraindications to LWMH</a></p><p><b>date</b>: 2022-04-27</p><p><b>publisher</b>: NUM CODEX+ CELIDA</p><p><b>description</b>: </p><div><p>Antithrombotic prophylaxis with LWMH in hospitalised COVID-19 patients</p>\n</div><blockquote><p><b>action</b></p><p><b>code</b>: <span title=\"Codes:{http://snomed.info/sct 89780004}\">Combined (qualifier value)</span></p><h3>Actions</h3><table class=\"grid\"><tr><td style=\"display: none\">-</td><td><b>Code</b></td><td><b>SelectionBehavior</b></td><td><b>Definition[x]</b></td></tr><tr><td style=\"display: none\">*</td><td><span title=\"Codes:{http://snomed.info/sct 432102000}\">Administration of substance (procedure)</span></td><td> </td><td><a href=\"ActivityDefinition-ProphylacticAnticoagulationWDalteparin.html\">Antithrombotic prophylaxis with Dalteparin</a></td></tr><tr><td style=\"display: none\">*</td><td><span title=\"Codes:{http://snomed.info/sct 432102000}\">Administration of substance (procedure)</span></td><td> </td><td><a href=\"ActivityDefinition-ProphylacticAnticoagulationWEnoxaparin.html\">Antithrombotic prophylaxis with Enoxaparin</a></td></tr><tr><td style=\"display: none\">*</td><td><span title=\"Codes:{http://snomed.info/sct 432102000}\">Administration of substance (procedure)</span></td><td> </td><td><a href=\"ActivityDefinition-ProphylacticAnticoagulationWNadroparin.html\">Antithrombotic prophylaxis with Nadroparin</a></td></tr><tr><td style=\"display: none\">*</td><td><span title=\"Codes:{http://snomed.info/sct 432102000}\">Administration of substance (procedure)</span></td><td> </td><td><a href=\"ActivityDefinition-ProphylacticAnticoagulationWCertoparin.html\">Antithrombotic prophylaxis with Certoparin</a></td></tr><tr><td style=\"display: none\">*</td><td><span title=\"Codes:{http://snomed.info/sct 432102000}\">Administration of substance (procedure)</span></td><td> </td><td><a href=\"ActivityDefinition-ProphylacticAnticoagulationWTinzaparin.html\">Antithrombotic prophylaxis with Tinzaparin</a></td></tr><tr><td style=\"display: none\">*</td><td><span title=\"Codes:{http://snomed.info/sct 432102000}\">Administration of substance (procedure)</span></td><td>All</td><td><a href=\"ActivityDefinition-ProphylacticAnticoagulationWHeparinSC.html\">Prophylactic Anticoagulation Treatment with UFH subcutaneous</a></td></tr></table></blockquote><blockquote><p><b>action</b></p><p><b>code</b>: <span title=\"Codes:{http://snomed.info/sct 89780004}\">Combined (qualifier value)</span></p><h3>Actions</h3><table class=\"grid\"><tr><td style=\"display: none\">-</td><td><b>Code</b></td><td><b>Definition[x]</b></td></tr><tr><td style=\"display: none\">*</td><td><span title=\"Codes:{http://snomed.info/sct 432102000}\">Administration of substance (procedure)</span></td><td><a href=\"ActivityDefinition-NoTherapeuticAnticoagulationWUFH.html\">No Therapeutic Anticoagulation Treatment with UFH</a></td></tr><tr><td style=\"display: none\">*</td><td><span title=\"Codes:{http://snomed.info/sct 432102000}\">Administration of substance (procedure)</span></td><td><a href=\"ActivityDefinition-NoTherapeuticAnticoagulationWDalteparin1xd.html\">No Therapeutic Anticoagulation Treatment with Dalteparin</a></td></tr><tr><td style=\"display: none\">*</td><td><span title=\"Codes:{http://snomed.info/sct 432102000}\">Administration of substance (procedure)</span></td><td><a href=\"ActivityDefinition-NoTherapeuticAnticoagulationWDalteparin2xd.html\">No Therapeutic Anticoagulation Treatment with Dalteparin</a></td></tr><tr><td style=\"display: none\">*</td><td><span title=\"Codes:{http://snomed.info/sct 432102000}\">Administration of substance (procedure)</span></td><td><a href=\"ActivityDefinition-NoTherapeuticAnticoagulationWDalteparinTable.html\">No Therapeutic Anticoagulation Treatment with Dalteparin</a></td></tr><tr><td style=\"display: none\">*</td><td><span title=\"Codes:{http://snomed.info/sct 432102000}\">Administration of substance (procedure)</span></td><td><a href=\"ActivityDefinition-NoTherapeuticAnticoagulationWNadroparin.html\">No Therapeutic Anticoagulation Treatment with Nadroparin</a></td></tr><tr><td style=\"display: none\">*</td><td><span title=\"Codes:{http://snomed.info/sct 432102000}\">Administration of substance (procedure)</span></td><td><a href=\"ActivityDefinition-NoTherapeuticAnticoagulationWEnoxaparin1xd.html\">No Therapeutic Anticoagulation Treatment with Enoxaparin</a></td></tr><tr><td style=\"display: none\">*</td><td><span title=\"Codes:{http://snomed.info/sct 432102000}\">Administration of substance (procedure)</span></td><td><a href=\"ActivityDefinition-NoTherapeuticAnticoagulationWEnoxaparin2xd.html\">No Therapeutic Anticoagulation Treatment with Enoxaparin</a></td></tr><tr><td style=\"display: none\">*</td><td><span title=\"Codes:{http://snomed.info/sct 432102000}\">Administration of substance (procedure)</span></td><td><a href=\"ActivityDefinition-NoTherapeuticAnticoagulationWCertoparin.html\">No Therapeutic Anticoagulation Treatment with Certoparin</a></td></tr><tr><td style=\"display: none\">*</td><td><span title=\"Codes:{http://snomed.info/sct 432102000}\">Administration of substance (procedure)</span></td><td><a href=\"ActivityDefinition-NoTherapeuticAnticoagulationWArgatra.html\">No Therapeutic Anticoagulation Treatment with Argatroban</a></td></tr><tr><td style=\"display: none\">*</td><td><span title=\"Codes:{http://snomed.info/sct 432102000}\">Administration of substance (procedure)</span></td><td><a href=\"ActivityDefinition-NoTherapeuticAnticoagulationWTinzaparin.html\">No Therapeutic Anticoagulation Treatment with Tinzaparin</a></td></tr></table></blockquote></div>"
  },
  "extension" : [{
    "url" : "http://hl7.org/fhir/uv/cpg/StructureDefinition/cpg-knowledgeCapability",
    "valueCode" : "computable"
  },
  {
    "url" : "http://hl7.org/fhir/uv/cpg/StructureDefinition/cpg-knowledgeRepresentationLevel",
    "valueCode" : "structured"
  },
  {
    "url" : "http://hl7.org/fhir/uv/cpg/StructureDefinition/cpg-partOf",
    "valueCanonical" : "https://www.netzwerk-universitaetsmedizin.de/fhir/codex-celida/guideline/covid19-inpatient-therapy/recommendation/prophylactic-anticoagulation"
  },
  {
    "extension" : [{
      "url" : "method",
      "valueCodeableConcept" : {
        "coding" : [{
          "system" : "https://www.netzwerk-universitaetsmedizin.de/fhir/cpg-on-ebm-on-fhir/CodeSystem/cs-action-combination-method",
          "code" : "all"
        }]
      }
    }],
    "url" : "https://www.netzwerk-universitaetsmedizin.de/fhir/cpg-on-ebm-on-fhir/StructureDefinition/ext-action-combination-method"
  }],
  "url" : "https://www.netzwerk-universitaetsmedizin.de/fhir/codex-celida/guideline/covid19-inpatient-therapy/intervention-plan/antithrombotic-prophylaxis-LMWH",
  "version" : "0.1",
  "name" : "AntithromboticProphylaxisWithLWMH",
  "title" : "Antithrombotic prophylaxis with LWMH in hospitalised COVID-19 patients",
  "type" : {
    "coding" : [{
      "system" : "http://terminology.hl7.org/CodeSystem/plan-definition-type",
      "code" : "eca-rule"
    }]
  },
  "status" : "active",
  "experimental" : true,
  "subjectCanonical" : "https://www.netzwerk-universitaetsmedizin.de/fhir/codex-celida/guideline/covid19-inpatient-therapy/population/hospitalised-covid19-patients-no-LMWH-contraindications",
  "date" : "2022-04-27",
  "publisher" : "NUM CODEX+ CELIDA",
  "description" : "Antithrombotic prophylaxis with LWMH in hospitalised COVID-19 patients",
  "action" : [{
    "extension" : [{
      "extension" : [{
        "url" : "method",
        "valueCodeableConcept" : {
          "coding" : [{
            "system" : "https://www.netzwerk-universitaetsmedizin.de/fhir/cpg-on-ebm-on-fhir/CodeSystem/cs-action-combination-method",
            "code" : "exactly"
          }]
        }
      },
      {
        "url" : "threshold",
        "valuePositiveInt" : 1
      }],
      "url" : "https://www.netzwerk-universitaetsmedizin.de/fhir/cpg-on-ebm-on-fhir/StructureDefinition/ext-action-combination-method"
    }],
    "code" : {
      "coding" : [{
        "system" : "http://snomed.info/sct",
        "code" : "89780004",
        "display" : "Combined (qualifier value)"
      }]
    },
    "action" : [{
      "code" : {
        "coding" : [{
          "system" : "http://snomed.info/sct",
          "code" : "432102000",
          "display" : "Administration of substance (procedure)"
        }]
      },
      "definitionCanonical" : "https://www.netzwerk-universitaetsmedizin.de/fhir/codex-celida/guideline/covid19-inpatient-therapy/recommended-action/drug-administration-action/antithrombotic-prophylaxis-dalteparin-administration"
    },
    {
      "code" : {
        "coding" : [{
          "system" : "http://snomed.info/sct",
          "code" : "432102000",
          "display" : "Administration of substance (procedure)"
        }]
      },
      "definitionCanonical" : "https://www.netzwerk-universitaetsmedizin.de/fhir/codex-celida/guideline/covid19-inpatient-therapy/recommended-action/drug-administration-action/antithrombotic-prophylaxis-enoxaparin-administration"
    },
    {
      "code" : {
        "coding" : [{
          "system" : "http://snomed.info/sct",
          "code" : "432102000",
          "display" : "Administration of substance (procedure)"
        }]
      },
      "definitionCanonical" : "https://www.netzwerk-universitaetsmedizin.de/fhir/codex-celida/guideline/covid19-inpatient-therapy/recommended-action/drug-administration-action/antithrombotic-prophylaxis-nadroparin-administration"
    },
    {
      "code" : {
        "coding" : [{
          "system" : "http://snomed.info/sct",
          "code" : "432102000",
          "display" : "Administration of substance (procedure)"
        }]
      },
      "definitionCanonical" : "https://www.netzwerk-universitaetsmedizin.de/fhir/codex-celida/guideline/covid19-inpatient-therapy/recommended-action/drug-administration-action/antithrombotic-prophylaxis-certoparin-administration"
    },
    {
      "code" : {
        "coding" : [{
          "system" : "http://snomed.info/sct",
          "code" : "432102000",
          "display" : "Administration of substance (procedure)"
        }]
      },
      "definitionCanonical" : "https://www.netzwerk-universitaetsmedizin.de/fhir/codex-celida/guideline/covid19-inpatient-therapy/recommended-action/drug-administration-action/antithrombotic-prophylaxis-tinzaparin-administration"
    },
    {
      "code" : {
        "coding" : [{
          "system" : "http://snomed.info/sct",
          "code" : "432102000",
          "display" : "Administration of substance (procedure)"
        }]
      },
      "selectionBehavior" : "all",
      "definitionCanonical" : "https://www.netzwerk-universitaetsmedizin.de/fhir/codex-celida/guideline/covid19-inpatient-therapy/recommended-action/drug-administration-action/antithrombotic-prophylaxis-heparin-subcutaneous-administration"
    }]
  },
  {
    "extension" : [{
      "extension" : [{
        "url" : "method",
        "valueCodeableConcept" : {
          "coding" : [{
            "system" : "https://www.netzwerk-universitaetsmedizin.de/fhir/cpg-on-ebm-on-fhir/CodeSystem/cs-action-combination-method",
            "code" : "all"
          }]
        }
      }],
      "url" : "https://www.netzwerk-universitaetsmedizin.de/fhir/cpg-on-ebm-on-fhir/StructureDefinition/ext-action-combination-method"
    }],
    "code" : {
      "coding" : [{
        "system" : "http://snomed.info/sct",
        "code" : "89780004",
        "display" : "Combined (qualifier value)"
      }]
    },
    "action" : [{
      "code" : {
        "coding" : [{
          "system" : "http://snomed.info/sct",
          "code" : "432102000",
          "display" : "Administration of substance (procedure)"
        }]
      },
      "definitionCanonical" : "https://www.netzwerk-universitaetsmedizin.de/fhir/codex-celida/guideline/covid19-inpatient-therapy/recommended-action/drug-administration-action/no-therapeutic-anticoagulant-UFH-administration"
    },
    {
      "code" : {
        "coding" : [{
          "system" : "http://snomed.info/sct",
          "code" : "432102000",
          "display" : "Administration of substance (procedure)"
        }]
      },
      "definitionCanonical" : "https://www.netzwerk-universitaetsmedizin.de/fhir/codex-celida/guideline/covid19-inpatient-therapy/recommended-action/drug-administration-action/no-therapeutic-anticoagulant-dalteparin-administration-1xd"
    },
    {
      "code" : {
        "coding" : [{
          "system" : "http://snomed.info/sct",
          "code" : "432102000",
          "display" : "Administration of substance (procedure)"
        }]
      },
      "definitionCanonical" : "https://www.netzwerk-universitaetsmedizin.de/fhir/codex-celida/guideline/covid19-inpatient-therapy/recommended-action/drug-administration-action/no-therapeutic-anticoagulant-dalteparin-administration-2xd"
    },
    {
      "code" : {
        "coding" : [{
          "system" : "http://snomed.info/sct",
          "code" : "432102000",
          "display" : "Administration of substance (procedure)"
        }]
      },
      "definitionCanonical" : "https://www.netzwerk-universitaetsmedizin.de/fhir/codex-celida/guideline/covid19-inpatient-therapy/recommended-action/drug-administration-action/no-therapeutic-anticoagulant-dalteparin-administration-table"
    },
    {
      "code" : {
        "coding" : [{
          "system" : "http://snomed.info/sct",
          "code" : "432102000",
          "display" : "Administration of substance (procedure)"
        }]
      },
      "definitionCanonical" : "https://www.netzwerk-universitaetsmedizin.de/fhir/codex-celida/guideline/covid19-inpatient-therapy/recommended-action/drug-administration-action/no-therapeutic-anticoagulant-nadroparin-administration"
    },
    {
      "code" : {
        "coding" : [{
          "system" : "http://snomed.info/sct",
          "code" : "432102000",
          "display" : "Administration of substance (procedure)"
        }]
      },
      "definitionCanonical" : "https://www.netzwerk-universitaetsmedizin.de/fhir/codex-celida/guideline/covid19-inpatient-therapy/recommended-action/drug-administration-action/no-therapeutic-anticoagulant-enoxaparin-administration-1xd"
    },
    {
      "code" : {
        "coding" : [{
          "system" : "http://snomed.info/sct",
          "code" : "432102000",
          "display" : "Administration of substance (procedure)"
        }]
      },
      "definitionCanonical" : "https://www.netzwerk-universitaetsmedizin.de/fhir/codex-celida/guideline/covid19-inpatient-therapy/recommended-action/drug-administration-action/no-therapeutic-anticoagulant-enoxaparin-administration-2xd"
    },
    {
      "code" : {
        "coding" : [{
          "system" : "http://snomed.info/sct",
          "code" : "432102000",
          "display" : "Administration of substance (procedure)"
        }]
      },
      "definitionCanonical" : "https://www.netzwerk-universitaetsmedizin.de/fhir/codex-celida/guideline/covid19-inpatient-therapy/recommended-action/drug-administration-action/no-therapeutic-anticoagulant-certoparin-administration"
    },
    {
      "code" : {
        "coding" : [{
          "system" : "http://snomed.info/sct",
          "code" : "432102000",
          "display" : "Administration of substance (procedure)"
        }]
      },
      "definitionCanonical" : "https://www.netzwerk-universitaetsmedizin.de/fhir/codex-celida/guideline/covid19-inpatient-therapy/recommended-action/drug-administration-action/no-therapeutic-anticoagulant-argatroban-administration"
    },
    {
      "code" : {
        "coding" : [{
          "system" : "http://snomed.info/sct",
          "code" : "432102000",
          "display" : "Administration of substance (procedure)"
        }]
      },
      "definitionCanonical" : "https://www.netzwerk-universitaetsmedizin.de/fhir/codex-celida/guideline/covid19-inpatient-therapy/recommended-action/drug-administration-action/no-therapeutic-anticoagulant-tinzaparin-administration"
    }]
  }]
}