<?xml version="1.0" encoding="UTF-8"?>

<PlanDefinition xmlns="http://hl7.org/fhir">
  <id value="RecommendationCollectionVentilatedPatientsWithARDS"/>
  <meta>
    <profile value="https://www.netzwerk-universitaetsmedizin.de/fhir/cpg-on-ebm-on-fhir/StructureDefinition/recommendation"/>
  </meta>
  <text>
    <status value="generated"/><div xmlns="http://www.w3.org/1999/xhtml"><p class="res-header-id"><b>Generated Narrative: PlanDefinition RecommendationCollectionVentilatedPatientsWithARDS</b></p><a name="RecommendationCollectionVentilatedPatientsWithARDS"> </a><a name="hcRecommendationCollectionVentilatedPatientsWithARDS"> </a><a name="RecommendationCollectionVentilatedPatientsWithARDS-en-US"> </a><p><b>url</b>: <a href="PlanDefinition-RecommendationCollectionVentilatedPatientsWithARDS.html">PlanDefinition Tidal volume for ventilated patients with ARDS</a></p><p><b>version</b>: 1.0</p><p><b>name</b>: Sepis M.1 - Tidal Volume</p><p><b>title</b>: Tidal volume for ventilated patients with ARDS</p><p><b>type</b>: <span title="Codes:{http://terminology.hl7.org/CodeSystem/plan-definition-type workflow-definition}">Workflow Definition</span></p><p><b>status</b>: Active</p><p><b>experimental</b>: true</p><p><b>date</b>: 2022-02-14</p><p><b>publisher</b>: Deutsche Gesellschaft für Internistische Intensivmedizin und Notfallmedizin e.V. (DGIIN)</p><p><b>description</b>: </p><div><p>Wir empfehlen die Beatmung von Patienten mit ARDS mit einem VT ≤ 6 ml/kg Standard-Körpergewicht (KG).</p>
</div><h3>Actions</h3><table class="grid"><tr><td style="display: none">-</td><td><b>Title</b></td><td><b>Description</b></td><td><b>Code</b></td><td><b>Definition[x]</b></td></tr><tr><td style="display: none">*</td><td>Ventilation_Plan_ARDS</td><td><div><p>We recommend ventilating patients with ARDS with a VT ≤ 6 ml/kg standard body weight (bw). (Table 1, Appendix)</p>
</div></td><td><span title="Codes:{http://hl7.org/fhir/uv/cpg/CodeSystem/cpg-common-process guideline-based-care}">Guideline-based Care</span></td><td><a href="PlanDefinition-VentilatedARDSPatientsInterventionPlan.html">Ventilation parameters for patients with ARDS</a></td></tr></table></div>
  </text>
  <extension url="http://hl7.org/fhir/uv/cpg/StructureDefinition/cpg-knowledgeCapability">
    <valueCode value="computable"/>
  </extension>
  <extension url="http://hl7.org/fhir/uv/cpg/StructureDefinition/cpg-knowledgeRepresentationLevel">
    <valueCode value="structured"/>
  </extension>
  <extension url="https://www.netzwerk-universitaetsmedizin.de/fhir/cpg-on-ebm-on-fhir/StructureDefinition/ext-action-combination-method">
    <extension url="method">
      <valueCodeableConcept>
        <coding>
          <system value="https://www.netzwerk-universitaetsmedizin.de/fhir/cpg-on-ebm-on-fhir/CodeSystem/cs-action-combination-method"/>
          <code value="exactly"/>
        </coding>
      </valueCodeableConcept>
    </extension>
    <extension url="threshold">
      <valuePositiveInt value="1"/>
    </extension>
  </extension>
  <url value="https://www.netzwerk-universitaetsmedizin.de/fhir/codex-celida/guideline/sepsis/recommendation/ventilation-plan-ards-tidal-volume"/>
  <version value="1.0"/>
  <name value="Sepis M.1 - Tidal Volume"/>
  <title value="Tidal volume for ventilated patients with ARDS"/>
  <type>
    <coding>
      <system value="http://terminology.hl7.org/CodeSystem/plan-definition-type"/>
      <code value="workflow-definition"/>
    </coding>
  </type>
  <status value="active"/>
  <experimental value="true"/>
  <date value="2022-02-14"/>
  <publisher value="Deutsche Gesellschaft für Internistische Intensivmedizin und Notfallmedizin e.V. (DGIIN)"/>
  <description value="Wir empfehlen die Beatmung von Patienten mit ARDS mit einem VT ≤ 6 ml/kg Standard-Körpergewicht (KG)."/>
  <action>
    <title value="Ventilation_Plan_ARDS"/>
    <description value="We recommend ventilating patients with ARDS with a VT ≤ 6 ml/kg standard body weight (bw). (Table 1, Appendix)"/>
    <code>
      <coding>
        <system value="http://hl7.org/fhir/uv/cpg/CodeSystem/cpg-common-process"/>
        <code value="guideline-based-care"/>
      </coding>
    </code>
    <definitionCanonical value="https://www.netzwerk-universitaetsmedizin.de/fhir/codex-celida/guideline/sepsis/intervention-plan/ventilation-ARDS-plan"/>
  </action>
</PlanDefinition>