{
  "resourceType" : "PlanDefinition",
  "id" : "RecommendationCollectionVentilatedPatientsWithARDS",
  "meta" : {
    "profile" : ["https://www.netzwerk-universitaetsmedizin.de/fhir/cpg-on-ebm-on-fhir/StructureDefinition/recommendation"]
  },
  "text" : {
    "status" : "generated",
    "div" : "<div xmlns=\"http://www.w3.org/1999/xhtml\"><p class=\"res-header-id\"><b>Generated Narrative: PlanDefinition RecommendationCollectionVentilatedPatientsWithARDS</b></p><a name=\"RecommendationCollectionVentilatedPatientsWithARDS\"> </a><a name=\"hcRecommendationCollectionVentilatedPatientsWithARDS\"> </a><a name=\"RecommendationCollectionVentilatedPatientsWithARDS-en-US\"> </a><p><b>url</b>: <a href=\"PlanDefinition-RecommendationCollectionVentilatedPatientsWithARDS.html\">PlanDefinition Tidal volume for ventilated patients with ARDS</a></p><p><b>version</b>: 1.0</p><p><b>name</b>: Sepis M.1 - Tidal Volume</p><p><b>title</b>: Tidal volume for ventilated patients with ARDS</p><p><b>type</b>: <span title=\"Codes:{http://terminology.hl7.org/CodeSystem/plan-definition-type workflow-definition}\">Workflow Definition</span></p><p><b>status</b>: Active</p><p><b>experimental</b>: true</p><p><b>date</b>: 2022-02-14</p><p><b>publisher</b>: Deutsche Gesellschaft für Internistische Intensivmedizin und Notfallmedizin e.V. (DGIIN)</p><p><b>description</b>: </p><div><p>Wir empfehlen die Beatmung von Patienten mit ARDS mit einem VT ≤ 6 ml/kg Standard-Körpergewicht (KG).</p>\n</div><h3>Actions</h3><table class=\"grid\"><tr><td style=\"display: none\">-</td><td><b>Title</b></td><td><b>Description</b></td><td><b>Code</b></td><td><b>Definition[x]</b></td></tr><tr><td style=\"display: none\">*</td><td>Ventilation_Plan_ARDS</td><td><div><p>We recommend ventilating patients with ARDS with a VT ≤ 6 ml/kg standard body weight (bw). (Table 1, Appendix)</p>\n</div></td><td><span title=\"Codes:{http://hl7.org/fhir/uv/cpg/CodeSystem/cpg-common-process guideline-based-care}\">Guideline-based Care</span></td><td><a href=\"PlanDefinition-VentilatedARDSPatientsInterventionPlan.html\">Ventilation parameters for patients with ARDS</a></td></tr></table></div>"
  },
  "extension" : [{
    "url" : "http://hl7.org/fhir/uv/cpg/StructureDefinition/cpg-knowledgeCapability",
    "valueCode" : "computable"
  },
  {
    "url" : "http://hl7.org/fhir/uv/cpg/StructureDefinition/cpg-knowledgeRepresentationLevel",
    "valueCode" : "structured"
  },
  {
    "extension" : [{
      "url" : "method",
      "valueCodeableConcept" : {
        "coding" : [{
          "system" : "https://www.netzwerk-universitaetsmedizin.de/fhir/cpg-on-ebm-on-fhir/CodeSystem/cs-action-combination-method",
          "code" : "exactly"
        }]
      }
    },
    {
      "url" : "threshold",
      "valuePositiveInt" : 1
    }],
    "url" : "https://www.netzwerk-universitaetsmedizin.de/fhir/cpg-on-ebm-on-fhir/StructureDefinition/ext-action-combination-method"
  }],
  "url" : "https://www.netzwerk-universitaetsmedizin.de/fhir/codex-celida/guideline/sepsis/recommendation/ventilation-plan-ards-tidal-volume",
  "version" : "1.0",
  "name" : "Sepis M.1 - Tidal Volume",
  "title" : "Tidal volume for ventilated patients with ARDS",
  "type" : {
    "coding" : [{
      "system" : "http://terminology.hl7.org/CodeSystem/plan-definition-type",
      "code" : "workflow-definition"
    }]
  },
  "status" : "active",
  "experimental" : true,
  "date" : "2022-02-14",
  "publisher" : "Deutsche Gesellschaft für Internistische Intensivmedizin und Notfallmedizin e.V. (DGIIN)",
  "description" : "Wir empfehlen die Beatmung von Patienten mit ARDS mit einem VT ≤ 6 ml/kg Standard-Körpergewicht (KG).",
  "action" : [{
    "title" : "Ventilation_Plan_ARDS",
    "description" : "We recommend ventilating patients with ARDS with a VT ≤ 6 ml/kg standard body weight (bw). (Table 1, Appendix)",
    "code" : {
      "coding" : [{
        "system" : "http://hl7.org/fhir/uv/cpg/CodeSystem/cpg-common-process",
        "code" : "guideline-based-care"
      }]
    },
    "definitionCanonical" : "https://www.netzwerk-universitaetsmedizin.de/fhir/codex-celida/guideline/sepsis/intervention-plan/ventilation-ARDS-plan"
  }]
}