{
  "resourceType" : "PlanDefinition",
  "id" : "VentilatedARDSPatientsInterventionPlan",
  "meta" : {
    "profile" : ["https://www.netzwerk-universitaetsmedizin.de/fhir/cpg-on-ebm-on-fhir/StructureDefinition/recommendation-plan"]
  },
  "text" : {
    "status" : "generated",
    "div" : "<div xmlns=\"http://www.w3.org/1999/xhtml\"><p class=\"res-header-id\"><b>Generated Narrative: PlanDefinition VentilatedARDSPatientsInterventionPlan</b></p><a name=\"VentilatedARDSPatientsInterventionPlan\"> </a><a name=\"hcVentilatedARDSPatientsInterventionPlan\"> </a><a name=\"VentilatedARDSPatientsInterventionPlan-en-US\"> </a><p><b>url</b>: <a href=\"PlanDefinition-VentilatedARDSPatientsInterventionPlan.html\">PlanDefinition Ventilation parameters for patients with ARDS</a></p><p><b>version</b>: 7.0</p><p><b>name</b>: Ventilation_Plan_ARDS</p><p><b>title</b>: Ventilation parameters for patients with ARDS</p><p><b>type</b>: <span title=\"Codes:{http://terminology.hl7.org/CodeSystem/plan-definition-type eca-rule}\">ECA Rule</span></p><p><b>status</b>: Active</p><p><b>experimental</b>: true</p><p><b>subject</b>: <a href=\"EvidenceVariable-PopulationVentilatedARDSPatients.html\">Population: Ventilated patients with ARDS</a></p><p><b>date</b>: 2022-02</p><p><b>publisher</b>: NUM CODEX+ CELIDA</p><p><b>description</b>: </p><div><p>We recommend ventilating patients with ARDS with a VT ≤ 6 ml/kg standard body weight (bw). (Table 1, Appendix)</p>\n</div><blockquote><p><b>goal</b></p><blockquote><p><b>id</b></p>tidal-volume-ARDS-goal</blockquote><p><b>category</b>: <span title=\"Codes:{http://snomed.info/sct 385857005}\">Ventilator care and adjustment (regime/therapy)</span></p><p><b>description</b>: <span title=\"Codes:\">Tidal volume ≤ 6 ml/kg standard body weight</span></p><h3>Targets</h3><table class=\"grid\"><tr><td style=\"display: none\">-</td><td><b>Measure</b></td><td><b>Detail[x]</b></td></tr><tr><td style=\"display: none\">*</td><td><span title=\"Codes:{https://www.netzwerk-universitaetsmedizin.de/fhir/codex-celida/CodeSystem/codex-celida tvpibw}\">Tidal volume / ideal body weight (ARDSnet)</span></td><td>?-6</td></tr></table></blockquote><h3>Actions</h3><table class=\"grid\"><tr><td style=\"display: none\">-</td><td><b>Code</b></td><td><b>GoalId</b></td></tr><tr><td style=\"display: none\">*</td><td><span title=\"Codes:{http://snomed.info/sct 410210009}\">Ventilator care management (procedure)</span></td><td>tidal-volume-ARDS-goal</td></tr></table></div>"
  },
  "extension" : [{
    "url" : "http://hl7.org/fhir/uv/cpg/StructureDefinition/cpg-knowledgeCapability",
    "valueCode" : "computable"
  },
  {
    "url" : "http://hl7.org/fhir/uv/cpg/StructureDefinition/cpg-knowledgeRepresentationLevel",
    "valueCode" : "structured"
  },
  {
    "url" : "http://hl7.org/fhir/uv/cpg/StructureDefinition/cpg-partOf",
    "valueCanonical" : "https://www.netzwerk-universitaetsmedizin.de/fhir/codex-celida/guideline/sepsis/recommendation/ventilation-plan-ards-tidal-volume"
  },
  {
    "extension" : [{
      "url" : "method",
      "valueCodeableConcept" : {
        "coding" : [{
          "system" : "https://www.netzwerk-universitaetsmedizin.de/fhir/cpg-on-ebm-on-fhir/CodeSystem/cs-action-combination-method",
          "code" : "all"
        }]
      }
    }],
    "url" : "https://www.netzwerk-universitaetsmedizin.de/fhir/cpg-on-ebm-on-fhir/StructureDefinition/ext-action-combination-method"
  }],
  "url" : "https://www.netzwerk-universitaetsmedizin.de/fhir/codex-celida/guideline/sepsis/intervention-plan/ventilation-ARDS-plan",
  "version" : "7.0",
  "name" : "Ventilation_Plan_ARDS",
  "title" : "Ventilation parameters for patients with ARDS",
  "type" : {
    "coding" : [{
      "system" : "http://terminology.hl7.org/CodeSystem/plan-definition-type",
      "code" : "eca-rule"
    }]
  },
  "status" : "active",
  "experimental" : true,
  "subjectCanonical" : "https://www.netzwerk-universitaetsmedizin.de/fhir/codex-celida/guideline/sepsis/population/ventilated-patients-with-ards",
  "date" : "2022-02",
  "publisher" : "NUM CODEX+ CELIDA",
  "description" : "We recommend ventilating patients with ARDS with a VT ≤ 6 ml/kg standard body weight (bw). (Table 1, Appendix)",
  "goal" : [{
    "id" : "tidal-volume-ARDS-goal",
    "category" : {
      "coding" : [{
        "system" : "http://snomed.info/sct",
        "code" : "385857005",
        "display" : "Ventilator care and adjustment (regime/therapy)"
      }]
    },
    "description" : {
      "text" : "Tidal volume ≤ 6 ml/kg standard body weight"
    },
    "target" : [{
      "measure" : {
        "coding" : [{
          "system" : "https://www.netzwerk-universitaetsmedizin.de/fhir/codex-celida/CodeSystem/codex-celida",
          "code" : "tvpibw",
          "display" : "Tidal volume / ideal body weight (ARDSnet)"
        }]
      },
      "detailRange" : {
        "high" : {
          "value" : 6,
          "unit" : "ml/kg",
          "system" : "http://unitsofmeasure.org",
          "code" : "ml/kg"
        }
      }
    }]
  }],
  "action" : [{
    "code" : {
      "coding" : [{
        "system" : "http://snomed.info/sct",
        "code" : "410210009",
        "display" : "Ventilator care management (procedure)"
      }]
    },
    "goalId" : ["tidal-volume-ARDS-goal"]
  }]
}