{
  "resourceType" : "PlanDefinition",
  "id" : "RecCollectionNoTherapeuticAnticoagNoIndicationICUCOVID19",
  "meta" : {
    "profile" : ["https://www.netzwerk-universitaetsmedizin.de/fhir/cpg-on-ebm-on-fhir/StructureDefinition/recommendation"]
  },
  "text" : {
    "status" : "generated",
    "div" : "<div xmlns=\"http://www.w3.org/1999/xhtml\"><p class=\"res-header-id\"><b>Generated Narrative: PlanDefinition RecCollectionNoTherapeuticAnticoagNoIndicationICUCOVID19</b></p><a name=\"RecCollectionNoTherapeuticAnticoagNoIndicationICUCOVID19\"> </a><a name=\"hcRecCollectionNoTherapeuticAnticoagNoIndicationICUCOVID19\"> </a><a name=\"RecCollectionNoTherapeuticAnticoagNoIndicationICUCOVID19-en-US\"> </a><p><b>url</b>: <a href=\"PlanDefinition-RecCollectionNoTherapeuticAnticoagNoIndicationICUCOVID19.html\">PlanDefinition No therapeutic anticoagulation for intensive care COVID-19 patients with no specific indication</a></p><p><b>version</b>: 1.0</p><p><b>name</b>: 18 - No Therapeutic Anticoagulation</p><p><b>title</b>: No therapeutic anticoagulation for intensive care COVID-19 patients with no specific indication</p><p><b>type</b>: <span title=\"Codes:{http://terminology.hl7.org/CodeSystem/plan-definition-type workflow-definition}\">Workflow Definition</span></p><p><b>status</b>: Active</p><p><b>experimental</b>: true</p><p><b>date</b>: 2022-02-14</p><p><b>publisher</b>: Deutsche Gesellschaft für Internistische Intensivmedizin und Notfallmedizin e.V. (DGIIN)</p><p><b>description</b>: </p><div><p>Bei Intensivpatienten ohne spezifische Indikation (z.B. Lungenembolien) sollte eine therapeutische Antikoagulation nicht erfolgen.</p>\n</div><h3>Actions</h3><table class=\"grid\"><tr><td style=\"display: none\">-</td><td><b>Title</b></td><td><b>Description</b></td><td><b>Code</b></td><td><b>Definition[x]</b></td></tr><tr><td style=\"display: none\">*</td><td>Anticoagulation_Plan_No_Specific_Indication</td><td><div><p>Anticoagulation Plan for hospitalized intensive-care COVID-19 patients with no specific indication</p>\n</div></td><td><span title=\"Codes:{http://hl7.org/fhir/uv/cpg/CodeSystem/cpg-common-process guideline-based-care}\">Guideline-based Care</span></td><td><a href=\"PlanDefinition-NoTherapeuticAnticoagulationICUCOVID19NoIndicationPlan.html\">Anticoagulation Plan for hospitalized intensive-care COVID-19 patients with no specific indication</a></td></tr></table></div>"
  },
  "extension" : [{
    "url" : "http://hl7.org/fhir/uv/cpg/StructureDefinition/cpg-knowledgeCapability",
    "valueCode" : "computable"
  },
  {
    "url" : "http://hl7.org/fhir/uv/cpg/StructureDefinition/cpg-knowledgeRepresentationLevel",
    "valueCode" : "structured"
  },
  {
    "extension" : [{
      "url" : "method",
      "valueCodeableConcept" : {
        "coding" : [{
          "system" : "https://www.netzwerk-universitaetsmedizin.de/fhir/cpg-on-ebm-on-fhir/CodeSystem/cs-action-combination-method",
          "code" : "exactly"
        }]
      }
    },
    {
      "url" : "threshold",
      "valuePositiveInt" : 1
    }],
    "url" : "https://www.netzwerk-universitaetsmedizin.de/fhir/cpg-on-ebm-on-fhir/StructureDefinition/ext-action-combination-method"
  }],
  "url" : "https://www.netzwerk-universitaetsmedizin.de/fhir/codex-celida/guideline/covid19-inpatient-therapy/recommendation/no-therapeutic-anticoagulation",
  "version" : "1.0",
  "name" : "18 - No Therapeutic Anticoagulation",
  "title" : "No therapeutic anticoagulation for intensive care COVID-19 patients with no specific indication",
  "type" : {
    "coding" : [{
      "system" : "http://terminology.hl7.org/CodeSystem/plan-definition-type",
      "code" : "workflow-definition"
    }]
  },
  "status" : "active",
  "experimental" : true,
  "date" : "2022-02-14",
  "publisher" : "Deutsche Gesellschaft für Internistische Intensivmedizin und Notfallmedizin e.V. (DGIIN)",
  "description" : "Bei Intensivpatienten ohne spezifische Indikation (z.B. Lungenembolien) sollte eine therapeutische Antikoagulation nicht erfolgen.",
  "action" : [{
    "title" : "Anticoagulation_Plan_No_Specific_Indication",
    "description" : "Anticoagulation Plan for hospitalized intensive-care COVID-19 patients with no specific indication",
    "code" : {
      "coding" : [{
        "system" : "http://hl7.org/fhir/uv/cpg/CodeSystem/cpg-common-process",
        "code" : "guideline-based-care"
      }]
    },
    "definitionCanonical" : "https://www.netzwerk-universitaetsmedizin.de/fhir/codex-celida/guideline/covid19-inpatient-therapy/intervention-plan/no-therapeutic-anticoagulation"
  }]
}