{
  "resourceType" : "PlanDefinition",
  "id" : "VentilatedCOVID19patientsInterventionPlan-fio2-point0",
  "meta" : {
    "profile" : ["https://www.netzwerk-universitaetsmedizin.de/fhir/cpg-on-ebm-on-fhir/StructureDefinition/recommendation-plan"]
  },
  "text" : {
    "status" : "generated",
    "div" : "<div xmlns=\"http://www.w3.org/1999/xhtml\"><p class=\"res-header-id\"><b>Generated Narrative: PlanDefinition VentilatedCOVID19patientsInterventionPlan-fio2-point0</b></p><a name=\"VentilatedCOVID19patientsInterventionPlan-fio2-point0\"> </a><a name=\"hcVentilatedCOVID19patientsInterventionPlan-fio2-point0\"> </a><a name=\"VentilatedCOVID19patientsInterventionPlan-fio2-point0-en-US\"> </a><p><b>url</b>: <a href=\"PlanDefinition-VentilatedCOVID19patientsInterventionPlan-fio2-point0.html\">PlanDefinition PEEP Intervention plan for COVID-19 patients, inspiratory oxygen fraction currently 0.0 - 0.39</a></p><p><b>identifier</b>: PEEPPlanCOVIDPatients_OxygenFraction-0.0</p><p><b>version</b>: 7.0</p><p><b>name</b>: PEEP_Intervention_Plan_FiO2_0.3</p><p><b>title</b>: PEEP Intervention plan for COVID-19 patients, inspiratory oxygen fraction currently 0.0 - 0.39</p><p><b>type</b>: <span title=\"Codes:{http://terminology.hl7.org/CodeSystem/plan-definition-type eca-rule}\">ECA Rule</span></p><p><b>status</b>: Active</p><p><b>experimental</b>: true</p><p><b>subject</b>: <a href=\"EvidenceVariable-PopulationVentilatedCOVID19patients-fio2-point0.html\">Population: Ventilated COVID-19 Patients, inspiratory oxygen fraction currently 0.0</a></p><p><b>date</b>: 2022-02</p><p><b>publisher</b>: NUM CODEX+ CELIDA</p><p><b>description</b>: </p><div><p>PEEP Intervention Plan for Ventilated COVID-19 Patients, inspiratory oxygen fraction currently 0.0 - 0.39</p>\n</div><blockquote><p><b>goal</b></p><blockquote><p><b>id</b></p>ventilator-management-fio2-0.0-goal</blockquote><p><b>category</b>: <span title=\"Codes:{http://snomed.info/sct 385857005}\">Ventilator care and adjustment (regime/therapy)</span></p><p><b>description</b>: <span title=\"Codes:\">Positive end-expiratory pressure (PEEP) minimal value setting for COVID-19 Patients, inspiratory oxygen fraction currently 0.0 - 0.39</span></p><h3>Targets</h3><table class=\"grid\"><tr><td style=\"display: none\">-</td><td><b>Measure</b></td><td><b>Detail[x]</b></td></tr><tr><td style=\"display: none\">*</td><td><span title=\"Codes:{http://loinc.org 76248-4}\">PEEP Respiratory system --on ventilator</span></td><td>5-? cm[H2O]</td></tr></table></blockquote><h3>Actions</h3><table class=\"grid\"><tr><td style=\"display: none\">-</td><td><b>Code</b></td><td><b>GoalId</b></td></tr><tr><td style=\"display: none\">*</td><td><span title=\"Codes:{http://snomed.info/sct 410210009}\">Ventilator care management (procedure)</span></td><td>ventilator-management-fio2-0.0-goal</td></tr></table></div>"
  },
  "extension" : [{
    "url" : "http://hl7.org/fhir/uv/cpg/StructureDefinition/cpg-knowledgeCapability",
    "valueCode" : "computable"
  },
  {
    "url" : "http://hl7.org/fhir/uv/cpg/StructureDefinition/cpg-knowledgeRepresentationLevel",
    "valueCode" : "structured"
  },
  {
    "url" : "http://hl7.org/fhir/uv/cpg/StructureDefinition/cpg-partOf",
    "valueCanonical" : "https://www.netzwerk-universitaetsmedizin.de/fhir/codex-celida/guideline/covid19-inpatient-therapy/recommendation/covid19-ventilation-plan-peep"
  },
  {
    "extension" : [{
      "url" : "method",
      "valueCodeableConcept" : {
        "coding" : [{
          "system" : "https://www.netzwerk-universitaetsmedizin.de/fhir/cpg-on-ebm-on-fhir/CodeSystem/cs-action-combination-method",
          "code" : "all"
        }]
      }
    }],
    "url" : "https://www.netzwerk-universitaetsmedizin.de/fhir/cpg-on-ebm-on-fhir/StructureDefinition/ext-action-combination-method"
  }],
  "url" : "https://www.netzwerk-universitaetsmedizin.de/fhir/codex-celida/guideline/covid19-inpatient-therapy/intervention-plan/peep-fio2-point0",
  "identifier" : [{
    "value" : "PEEPPlanCOVIDPatients_OxygenFraction-0.0"
  }],
  "version" : "7.0",
  "name" : "PEEP_Intervention_Plan_FiO2_0.3",
  "title" : "PEEP Intervention plan for COVID-19 patients, inspiratory oxygen fraction currently 0.0 - 0.39",
  "type" : {
    "coding" : [{
      "system" : "http://terminology.hl7.org/CodeSystem/plan-definition-type",
      "code" : "eca-rule"
    }]
  },
  "status" : "active",
  "experimental" : true,
  "subjectCanonical" : "https://www.netzwerk-universitaetsmedizin.de/fhir/codex-celida/guideline/covid19-inpatient-therapy/population/ventilated-covid19-patients-fio2-point0",
  "date" : "2022-02",
  "publisher" : "NUM CODEX+ CELIDA",
  "description" : "PEEP Intervention Plan for Ventilated COVID-19 Patients, inspiratory oxygen fraction currently 0.0 - 0.39",
  "goal" : [{
    "id" : "ventilator-management-fio2-0.0-goal",
    "category" : {
      "coding" : [{
        "system" : "http://snomed.info/sct",
        "code" : "385857005",
        "display" : "Ventilator care and adjustment (regime/therapy)"
      }]
    },
    "description" : {
      "text" : "Positive end-expiratory pressure (PEEP) minimal value setting for COVID-19 Patients, inspiratory oxygen fraction currently 0.0 - 0.39"
    },
    "target" : [{
      "measure" : {
        "coding" : [{
          "system" : "http://loinc.org",
          "code" : "76248-4",
          "display" : "PEEP Respiratory system --on ventilator"
        }]
      },
      "detailRange" : {
        "low" : {
          "value" : 5,
          "unit" : "cm[H2O]",
          "system" : "http://unitsofmeasure.org",
          "code" : "cm[H2O]"
        }
      }
    }]
  }],
  "action" : [{
    "code" : {
      "coding" : [{
        "system" : "http://snomed.info/sct",
        "code" : "410210009",
        "display" : "Ventilator care management (procedure)"
      }]
    },
    "goalId" : ["ventilator-management-fio2-0.0-goal"]
  }]
}