{"resourceType":"ActivityDefinition","id":"NoTherapeuticAnticoagulationWCertoparin","meta":{"profile":["https://www.netzwerk-universitaetsmedizin.de/fhir/cpg-on-ebm-on-fhir/StructureDefinition/drug-administration-action"]},"extension":[{"url":"http://hl7.org/fhir/uv/cpg/StructureDefinition/cpg-knowledgeCapability","valueCode":"computable"},{"url":"http://hl7.org/fhir/uv/cpg/StructureDefinition/cpg-knowledgeRepresentationLevel","valueCode":"structured"}],"url":"https://www.netzwerk-universitaetsmedizin.de/fhir/codex-celida/guideline/covid19-inpatient-therapy/recommended-action/drug-administration-action/no-therapeutic-anticoagulant-certoparin-administration","version":"0.1","name":"NoTherapeuticAnticoagulationPlanCertoparin","title":"No Therapeutic Anticoagulation Treatment with Certoparin","status":"active","experimental":true,"subjectCodeableConcept":{"coding":[{"system":"http://hl7.org/fhir/fhir-types","code":"Patient"}]},"date":"2024-08-07T14:55:39+00:00","publisher":"NUM CODEX+ CELIDA","description":"No Therapeutic Anticoagulation Treatment with Certoparin for non-intensive care hospitalised COVID-19 patients patients with no specific indications (i.e., pulmonary embolism)","kind":"MedicationRequest","code":{"coding":[{"system":"http://snomed.info/sct","code":"432102000","display":"Administration of substance (procedure)"}]},"doNotPerform":true,"productCodeableConcept":{"coding":[{"system":"http://snomed.info/sct","code":"395961003","display":"Certoparin (substance)"},{"system":"http://fhir.de/CodeSystem/bfarm/atc","code":"B01AB13","display":"Certoparin"}]},"dosage":[{"timing":{"repeat":{"frequency":2,"period":1,"periodUnit":"d"}},"route":{"coding":[{"system":"http://snomed.info/sct","code":"34206005","display":"Subcutaneous route (qualifier value)"}]},"doseAndRate":[{"doseQuantity":{"value":8000,"unit":"IU","system":"http://unitsofmeasure.org","code":"[iU]"}}]}]}