{"resourceType":"ActivityDefinition","id":"ProphylacticAnticoagulationWHeparinSC","meta":{"profile":["https://www.netzwerk-universitaetsmedizin.de/fhir/cpg-on-ebm-on-fhir/StructureDefinition/drug-administration-action"]},"extension":[{"url":"http://hl7.org/fhir/uv/cpg/StructureDefinition/cpg-knowledgeCapability","valueCode":"computable"},{"url":"http://hl7.org/fhir/uv/cpg/StructureDefinition/cpg-knowledgeRepresentationLevel","valueCode":"structured"}],"url":"https://www.netzwerk-universitaetsmedizin.de/fhir/codex-celida/guideline/covid19-inpatient-therapy/recommended-action/drug-administration-action/antithrombotic-prophylaxis-heparin-subcutaneous-administration","version":"0.1","name":"ProphylacticAnticoagulationPlanUFHsc","title":"Prophylactic Anticoagulation Treatment with UFH subcutaneous","status":"active","experimental":true,"subjectCodeableConcept":{"coding":[{"system":"http://hl7.org/fhir/fhir-types","code":"Patient"}]},"date":"2024-08-07T14:55:39+00:00","publisher":"NUM CODEX+ CELIDA","description":"Prophylactic Treatment with UFH subcutaneous for non-intensive care hospitalised COVID-19 patients","kind":"MedicationRequest","code":{"coding":[{"system":"http://snomed.info/sct","code":"432102000","display":"Administration of substance (procedure)"}]},"productCodeableConcept":{"coding":[{"system":"http://snomed.info/sct","code":"372877000","display":"Heparin (substance)"},{"system":"http://fhir.de/CodeSystem/bfarm/atc","code":"C05BA03","display":"Heparin"}]},"dosage":[{"timing":{"repeat":{"frequency":2,"period":1,"periodUnit":"d"}},"route":{"coding":[{"system":"http://snomed.info/sct","code":"34206005","display":"Subcutaneous route (qualifier value)"}]},"doseAndRate":[{"doseQuantity":{"value":5000,"unit":"IU","system":"http://unitsofmeasure.org","code":"[iU]"}}]},{"timing":{"repeat":{"frequency":3,"period":1,"periodUnit":"d"}},"route":{"coding":[{"system":"http://snomed.info/sct","code":"34206005","display":"Subcutaneous route (qualifier value)"}]},"doseAndRate":[{"doseQuantity":{"value":5000,"unit":"IU","system":"http://unitsofmeasure.org","code":"[iU]"}}]},{"timing":{"repeat":{"frequency":2,"period":1,"periodUnit":"d"}},"route":{"coding":[{"system":"http://snomed.info/sct","code":"34206005","display":"Subcutaneous route (qualifier value)"}]},"doseAndRate":[{"doseQuantity":{"value":7500,"unit":"IU","system":"http://unitsofmeasure.org","code":"[iU]"}}]}]}