{"resourceType":"ActivityDefinition","id":"ProphylacticAnticoagulationWNadroparin","meta":{"profile":["https://www.netzwerk-universitaetsmedizin.de/fhir/cpg-on-ebm-on-fhir/StructureDefinition/drug-administration-action"]},"extension":[{"url":"http://hl7.org/fhir/uv/cpg/StructureDefinition/cpg-knowledgeCapability","valueCode":"computable"},{"url":"http://hl7.org/fhir/uv/cpg/StructureDefinition/cpg-knowledgeRepresentationLevel","valueCode":"structured"}],"url":"https://www.netzwerk-universitaetsmedizin.de/fhir/codex-celida/guideline/covid19-inpatient-therapy/recommended-action/drug-administration-action/antithrombotic-prophylaxis-nadroparin-administration","version":"0.1","name":"AntithromboticProphylaxisWithPlanNadroparin","title":"Antithrombotic prophylaxis with Nadroparin","status":"active","experimental":true,"subjectCodeableConcept":{"coding":[{"system":"http://hl7.org/fhir/fhir-types","code":"Patient"}]},"date":"2024-08-07T14:55:39+00:00","publisher":"NUM CODEX+ CELIDA","description":"Antithrombotic prophylaxis with Nadroparin in hospitalised COVID-19 patients (in absence of contraindications for LWMH)","kind":"MedicationRequest","code":{"coding":[{"system":"http://snomed.info/sct","code":"432102000","display":"Administration of substance (procedure)"}]},"productCodeableConcept":{"coding":[{"system":"http://snomed.info/sct","code":"699946002","display":"Nadroparin (substance)"},{"system":"http://fhir.de/CodeSystem/bfarm/atc","code":"B01AB06","display":"Nadroparin"}]},"dosage":[{"extension":[{"extension":[{"url":"type","valueCodeableConcept":{"coding":[{"system":"http://loinc.org","code":"29463-7","display":"Body weight"}]}},{"url":"value","valueRange":{"high":{"value":70,"unit":"kg","system":"http://unitsofmeasure.org","code":"kg"}}}],"url":"https://www.netzwerk-universitaetsmedizin.de/fhir/cpg-on-ebm-on-fhir/StructureDefinition/ext-dosage-condition"}],"timing":{"repeat":{"frequency":1,"period":1,"periodUnit":"d"}},"route":{"coding":[{"system":"http://snomed.info/sct","code":"34206005","display":"Subcutaneous route (qualifier value)"}]},"doseAndRate":[{"doseQuantity":{"value":3800,"unit":"IU","system":"http://unitsofmeasure.org","code":"[iU]"}}]},{"extension":[{"extension":[{"url":"type","valueCodeableConcept":{"coding":[{"system":"http://loinc.org","code":"29463-7","display":"Body weight"}]}},{"url":"value","valueRange":{"low":{"value":70.0000001,"unit":"kg","system":"http://unitsofmeasure.org","code":"kg"}}}],"url":"https://www.netzwerk-universitaetsmedizin.de/fhir/cpg-on-ebm-on-fhir/StructureDefinition/ext-dosage-condition"}],"timing":{"repeat":{"frequency":1,"period":1,"periodUnit":"d"}},"route":{"coding":[{"system":"http://snomed.info/sct","code":"34206005","display":"Subcutaneous route (qualifier value)"}]},"doseAndRate":[{"doseQuantity":{"value":5700,"unit":"IU","system":"http://unitsofmeasure.org","code":"[iU]"}}]}]}