{"resourceType":"ActivityDefinition","id":"TherapeuticAnticoagulationNMHEnoxaparin2xd","meta":{"profile":["https://www.netzwerk-universitaetsmedizin.de/fhir/cpg-on-ebm-on-fhir/StructureDefinition/drug-administration-action"]},"extension":[{"url":"http://hl7.org/fhir/uv/cpg/StructureDefinition/cpg-knowledgeCapability","valueCode":"computable"},{"url":"http://hl7.org/fhir/uv/cpg/StructureDefinition/cpg-knowledgeRepresentationLevel","valueCode":"structured"}],"url":"https://www.netzwerk-universitaetsmedizin.de/fhir/codex-celida/guideline/covid19-inpatient-therapy/recommended-action/drug-administration-action/therapeutic-anticoagulant-enoxaparin-administration-2xd","version":"0.1","name":"TherapeuticAnticoagulationPlanEnoxaparin","title":"Therapeutic Anticoagulation Treatment with Enoxaparin","status":"active","experimental":true,"subjectCodeableConcept":{"coding":[{"system":"http://hl7.org/fhir/fhir-types","code":"Patient"}]},"date":"2024-08-07T14:55:39+00:00","publisher":"NUM CODEX+ CELIDA","description":"Therapeutic Anticoagulation Treatment (NMH) for non-intensive care hospitalised COVID-19 patients patients with high risk (D-Dimer >= 2mg/l) with Enoxaparin","kind":"MedicationRequest","code":{"coding":[{"system":"http://snomed.info/sct","code":"432102000","display":"Administration of substance (procedure)"}]},"productCodeableConcept":{"coding":[{"system":"http://snomed.info/sct","code":"372562003","display":"Enoxaparin (substance)"},{"system":"http://fhir.de/CodeSystem/bfarm/atc","code":"B01AB05","display":"Enoxaparin"}]},"dosage":[{"timing":{"repeat":{"frequency":2,"period":1,"periodUnit":"d"}},"route":{"coding":[{"system":"http://snomed.info/sct","code":"34206005","display":"Subcutaneous route (qualifier value)"}]},"doseAndRate":[{"doseQuantity":{"value":1,"unit":"mg/kg","system":"http://unitsofmeasure.org","code":"mg/kg"}}]}]}