{"resourceType":"ActivityDefinition","id":"ProphylacticAnticoagulationWTinzaparin","meta":{"profile":["https://www.netzwerk-universitaetsmedizin.de/fhir/cpg-on-ebm-on-fhir/StructureDefinition/drug-administration-action"]},"extension":[{"url":"http://hl7.org/fhir/uv/cpg/StructureDefinition/cpg-knowledgeCapability","valueCode":"computable"},{"url":"http://hl7.org/fhir/uv/cpg/StructureDefinition/cpg-knowledgeRepresentationLevel","valueCode":"structured"}],"url":"https://www.netzwerk-universitaetsmedizin.de/fhir/codex-celida/guideline/covid19-inpatient-therapy/recommended-action/drug-administration-action/antithrombotic-prophylaxis-tinzaparin-administration","version":"0.1","name":"ProphylacticTinzaparinApplicationActivity","title":"Antithrombotic prophylaxis with Tinzaparin","status":"active","experimental":true,"subjectCodeableConcept":{"coding":[{"system":"http://hl7.org/fhir/fhir-types","code":"Patient"}]},"date":"2024-08-07T14:55:39+00:00","publisher":"NUM CODEX+ CELIDA","description":"Antithrombotic prophylaxis with Tinzaparin in hospitalised COVID-19 patients","kind":"MedicationRequest","code":{"coding":[{"system":"http://snomed.info/sct","code":"432102000","display":"Administration of substance (procedure)"}]},"productCodeableConcept":{"coding":[{"system":"http://snomed.info/sct","code":"412608008","display":"Tinzaparin (substance)"},{"system":"http://fhir.de/CodeSystem/bfarm/atc","code":"B01AB10","display":"Tinzaparin"}]},"dosage":[{"timing":{"repeat":{"frequency":1,"period":1,"periodUnit":"d"}},"route":{"coding":[{"system":"http://snomed.info/sct","code":"34206005","display":"Subcutaneous route (qualifier value)"}]},"doseAndRate":[{"doseQuantity":{"value":3500,"unit":"IU","system":"http://unitsofmeasure.org","code":"[iU]"}}]}]}