{"resourceType":"ActivityDefinition","id":"AntithromboticProphylaxisFondaparinuxSubcutaneous","meta":{"profile":["https://www.netzwerk-universitaetsmedizin.de/fhir/cpg-on-ebm-on-fhir/StructureDefinition/drug-administration-action"]},"extension":[{"url":"http://hl7.org/fhir/uv/cpg/StructureDefinition/cpg-knowledgeCapability","valueCode":"computable"},{"url":"http://hl7.org/fhir/uv/cpg/StructureDefinition/cpg-knowledgeRepresentationLevel","valueCode":"structured"}],"url":"https://www.netzwerk-universitaetsmedizin.de/fhir/codex-celida/guideline/covid19-inpatient-therapy/recommended-action/drug-administration-action/antithrombotic-prophylaxis-fondaparinux-administration","version":"0.1","name":"ProphylacticFondaparinuxApplicationActivity","title":"Antithrombotic prophylaxis with Fondaparinux","status":"active","experimental":true,"subjectCodeableConcept":{"coding":[{"system":"http://hl7.org/fhir/fhir-types","code":"Patient"}]},"date":"2024-08-07T14:55:39+00:00","publisher":"NUM CODEX+ CELIDA","description":"Antithrombotic prophylaxis with Fondaparinux in hospitalised COVID-19 patients (when contraindications for LWMH exist)","kind":"MedicationRequest","code":{"coding":[{"system":"http://snomed.info/sct","code":"432102000","display":"Administration of substance (procedure)"}]},"productCodeableConcept":{"coding":[{"system":"http://snomed.info/sct","code":"708189008","display":"Fondaparinux (substance)"},{"system":"http://fhir.de/CodeSystem/bfarm/atc","code":"B01AX05","display":"Fondaparinux"}]},"dosage":[{"timing":{"repeat":{"frequency":1,"period":1,"periodUnit":"d"}},"route":{"coding":[{"system":"http://snomed.info/sct","code":"34206005","display":"Subcutaneous route (qualifier value)"}]},"doseAndRate":[{"doseQuantity":{"value":2.5,"unit":"mg","system":"http://unitsofmeasure.org","code":"mg"}}]}]}