{"resourceType":"ActivityDefinition","id":"PronePositioning","meta":{"profile":["https://www.netzwerk-universitaetsmedizin.de/fhir/cpg-on-ebm-on-fhir/StructureDefinition/body-positioning-action"]},"extension":[{"url":"http://hl7.org/fhir/uv/cpg/StructureDefinition/cpg-knowledgeCapability","valueCode":"computable"},{"url":"http://hl7.org/fhir/uv/cpg/StructureDefinition/cpg-knowledgeRepresentationLevel","valueCode":"structured"}],"url":"https://www.netzwerk-universitaetsmedizin.de/fhir/codex-celida/guideline/covid19-inpatient-therapy/recommended-action/body-positioning-action/abdominal-positioning-ARDS","version":"7.0","name":"PronePositioning","title":"Abdominal Positioning","status":"active","experimental":true,"subjectCodeableConcept":{"coding":[{"system":"http://hl7.org/fhir/fhir-types","code":"Patient"}]},"date":"2024-08-07T14:55:39+00:00","publisher":"NUM CODEX+ CELIDA","description":"In ARDS and a PaO2/FiO2 < 150 mmHg, abdominal positioning should be consistently performed, with an abdominal positioning interval of at least 16 hours.","kind":"ServiceRequest","code":{"coding":[{"system":"http://snomed.info/sct","code":"431182000","display":"Placing subject in prone position (procedure)"}]},"timingTiming":{"repeat":{"duration":16,"durationUnit":"h","frequency":1,"period":1,"periodUnit":"d"}}}