{"resourceType":"ActivityDefinition","id":"TherapeuticAnticoagulationUFH","meta":{"profile":["https://www.netzwerk-universitaetsmedizin.de/fhir/cpg-on-ebm-on-fhir/StructureDefinition/drug-administration-action"]},"extension":[{"url":"http://hl7.org/fhir/uv/cpg/StructureDefinition/cpg-knowledgeCapability","valueCode":"computable"},{"url":"http://hl7.org/fhir/uv/cpg/StructureDefinition/cpg-knowledgeRepresentationLevel","valueCode":"structured"}],"url":"https://www.netzwerk-universitaetsmedizin.de/fhir/codex-celida/guideline/covid19-inpatient-therapy/recommended-action/drug-administration-action/therapeutic-anticoagulant-UFH-administration","version":"0.1","name":"TherapeuticAnticoagulationPlanUFH","title":"Therapeutic Anticoagulation Treatment UFH","status":"active","experimental":true,"subjectCodeableConcept":{"coding":[{"system":"http://hl7.org/fhir/fhir-types","code":"Patient"}]},"date":"2024-08-07T14:55:39+00:00","publisher":"NUM CODEX+ CELIDA","description":"Therapeutic Anticoagulation Treatment (UFH) for non-intensive care hospitalised COVID-19 patients patients with high risk (D-Dimer >= 2mg/l)","kind":"MedicationRequest","code":{"coding":[{"system":"http://snomed.info/sct","code":"432102000","display":"Administration of substance (procedure)"}]},"productCodeableConcept":{"coding":[{"system":"http://snomed.info/sct","code":"372877000","display":"Heparin (substance)"},{"system":"http://fhir.de/CodeSystem/bfarm/atc","code":"B01AB01","display":"Heparin"}]},"dosage":[{"timing":{"repeat":{"frequency":1,"period":1,"periodUnit":"d"}},"route":{"coding":[{"system":"http://snomed.info/sct","code":"47625008","display":"Intravenous route (qualifier value)"}]},"doseAndRate":[{"doseRange":{"low":{"value":0,"unit":"IU","system":"http://unitsofmeasure.org","code":"[iU]"}}}]}]}