{"resourceType":"ActivityDefinition","id":"TherapeuticAnticoagulationNMHNadroparin","meta":{"profile":["https://www.netzwerk-universitaetsmedizin.de/fhir/cpg-on-ebm-on-fhir/StructureDefinition/drug-administration-action"]},"extension":[{"url":"http://hl7.org/fhir/uv/cpg/StructureDefinition/cpg-knowledgeCapability","valueCode":"computable"},{"url":"http://hl7.org/fhir/uv/cpg/StructureDefinition/cpg-knowledgeRepresentationLevel","valueCode":"structured"}],"url":"https://www.netzwerk-universitaetsmedizin.de/fhir/codex-celida/guideline/covid19-inpatient-therapy/recommended-action/drug-administration-action/therapeutic-anticoagulant-nadroparin-administration","version":"0.1","name":"TherapeuticAnticoagulationPlanNadroparin","title":"Therapeutic Anticoagulation Treatment with Nadroparin","status":"active","experimental":true,"subjectCodeableConcept":{"coding":[{"system":"http://hl7.org/fhir/fhir-types","code":"Patient"}]},"date":"2024-08-07T14:55:39+00:00","publisher":"NUM CODEX+ CELIDA","description":"Therapeutic Anticoagulation Treatment (NMH) for non-intensive care hospitalised COVID-19 patients with high risk (D-Dimer >= 2mg/l) with Nadroparin","kind":"MedicationRequest","code":{"coding":[{"system":"http://snomed.info/sct","code":"432102000","display":"Administration of substance (procedure)"}]},"productCodeableConcept":{"coding":[{"system":"http://snomed.info/sct","code":"699946002","display":"Nadroparin (substance)"},{"system":"http://fhir.de/CodeSystem/bfarm/atc","code":"B01AB06","display":"Nadroparin"}]},"dosage":[{"extension":[{"extension":[{"url":"type","valueCodeableConcept":{"coding":[{"system":"http://loinc.org","code":"29463-7","display":"Body weight"}]}},{"url":"value","valueRange":{"high":{"value":49.999999,"unit":"kg","system":"http://unitsofmeasure.org","code":"kg"}}}],"url":"https://www.netzwerk-universitaetsmedizin.de/fhir/cpg-on-ebm-on-fhir/StructureDefinition/ext-dosage-condition"}],"timing":{"repeat":{"frequency":1,"period":1,"periodUnit":"d"}},"route":{"coding":[{"system":"http://snomed.info/sct","code":"34206005","display":"Subcutaneous route (qualifier value)"}]},"doseAndRate":[{"doseQuantity":{"value":3800,"unit":"IU","system":"http://unitsofmeasure.org","code":"[iU]"}}]},{"extension":[{"extension":[{"url":"type","valueCodeableConcept":{"coding":[{"system":"http://loinc.org","code":"29463-7","display":"Body weight"}]}},{"url":"value","valueRange":{"low":{"value":50,"unit":"kg","system":"http://unitsofmeasure.org","code":"kg"},"high":{"value":59.999999,"unit":"kg","system":"http://unitsofmeasure.org","code":"kg"}}}],"url":"https://www.netzwerk-universitaetsmedizin.de/fhir/cpg-on-ebm-on-fhir/StructureDefinition/ext-dosage-condition"}],"timing":{"repeat":{"frequency":1,"period":1,"periodUnit":"d"}},"route":{"coding":[{"system":"http://snomed.info/sct","code":"34206005","display":"Subcutaneous route (qualifier value)"}]},"doseAndRate":[{"doseQuantity":{"value":4750,"unit":"IU","system":"http://unitsofmeasure.org","code":"[iU]"}}]},{"extension":[{"extension":[{"url":"type","valueCodeableConcept":{"coding":[{"system":"http://loinc.org","code":"29463-7","display":"Body weight"}]}},{"url":"value","valueRange":{"low":{"value":60,"unit":"kg","system":"http://unitsofmeasure.org","code":"kg"},"high":{"value":69.999999,"unit":"kg","system":"http://unitsofmeasure.org","code":"kg"}}}],"url":"https://www.netzwerk-universitaetsmedizin.de/fhir/cpg-on-ebm-on-fhir/StructureDefinition/ext-dosage-condition"}],"timing":{"repeat":{"frequency":1,"period":1,"periodUnit":"d"}},"route":{"coding":[{"system":"http://snomed.info/sct","code":"34206005","display":"Subcutaneous route (qualifier value)"}]},"doseAndRate":[{"doseQuantity":{"value":5700,"unit":"IU","system":"http://unitsofmeasure.org","code":"[iU]"}}]},{"extension":[{"extension":[{"url":"type","valueCodeableConcept":{"coding":[{"system":"http://loinc.org","code":"29463-7","display":"Body weight"}]}},{"url":"value","valueRange":{"low":{"value":70,"unit":"kg","system":"http://unitsofmeasure.org","code":"kg"},"high":{"value":79.999999,"unit":"kg","system":"http://unitsofmeasure.org","code":"kg"}}}],"url":"https://www.netzwerk-universitaetsmedizin.de/fhir/cpg-on-ebm-on-fhir/StructureDefinition/ext-dosage-condition"}],"timing":{"repeat":{"frequency":1,"period":1,"periodUnit":"d"}},"route":{"coding":[{"system":"http://snomed.info/sct","code":"34206005","display":"Subcutaneous route (qualifier value)"}]},"doseAndRate":[{"doseQuantity":{"value":6650,"unit":"IU","system":"http://unitsofmeasure.org","code":"[iU]"}}]},{"extension":[{"extension":[{"url":"type","valueCodeableConcept":{"coding":[{"system":"http://loinc.org","code":"29463-7","display":"Body weight"}]}},{"url":"value","valueRange":{"low":{"value":80,"unit":"kg","system":"http://unitsofmeasure.org","code":"kg"},"high":{"value":89.999999,"unit":"kg","system":"http://unitsofmeasure.org","code":"kg"}}}],"url":"https://www.netzwerk-universitaetsmedizin.de/fhir/cpg-on-ebm-on-fhir/StructureDefinition/ext-dosage-condition"}],"timing":{"repeat":{"frequency":1,"period":1,"periodUnit":"d"}},"route":{"coding":[{"system":"http://snomed.info/sct","code":"34206005","display":"Subcutaneous route (qualifier value)"}]},"doseAndRate":[{"doseQuantity":{"value":7600,"unit":"IU","system":"http://unitsofmeasure.org","code":"[iU]"}}]},{"extension":[{"extension":[{"url":"type","valueCodeableConcept":{"coding":[{"system":"http://loinc.org","code":"29463-7","display":"Body weight"}]}},{"url":"value","valueRange":{"low":{"value":90,"unit":"kg","system":"http://unitsofmeasure.org","code":"kg"}}}],"url":"https://www.netzwerk-universitaetsmedizin.de/fhir/cpg-on-ebm-on-fhir/StructureDefinition/ext-dosage-condition"}],"timing":{"repeat":{"frequency":1,"period":1,"periodUnit":"d"}},"route":{"coding":[{"system":"http://snomed.info/sct","code":"34206005","display":"Subcutaneous route (qualifier value)"}]},"doseAndRate":[{"doseQuantity":{"value":8550,"unit":"IU","system":"http://unitsofmeasure.org","code":"[iU]"}}]}]}