{"resourceType":"EvidenceVariable","id":"PopulationVentilatedCOVID19patientsWithARDS","meta":{"profile":["https://www.netzwerk-universitaetsmedizin.de/fhir/cpg-on-ebm-on-fhir/StructureDefinition/recommendation-eligibility-criteria"]},"url":"https://www.netzwerk-universitaetsmedizin.de/fhir/codex-celida/guideline/covid19-inpatient-therapy/population/ventilated-covid19-patients-with-ards","name":"Population_COVID19_Ventilated_With_ARDS","title":"Population: Ventilated COVID-19 Patients with ARDS","status":"active","date":"2024-08-07T14:55:39+00:00","description":"Ventilated COVID-19 patients with ARDS","characteristic":[{"exclude":false,"definitionByCombination":{"code":"all-of","characteristic":[{"linkId":"covid19","exclude":false,"definitionByTypeAndValue":{"type":{"coding":[{"system":"http://snomed.info/sct","code":"404684003","display":"Clinical finding (finding)"}]},"valueCodeableConcept":{"coding":[{"system":"http://snomed.info/sct","code":"840539006","display":"Disease caused by Severe acute respiratory syndrome coronavirus 2 (disorder)"}]}}},{"exclude":false,"definitionByTypeAndValue":{"type":{"coding":[{"system":"http://snomed.info/sct","code":"71388002","display":"Procedure (procedure)"}]},"valueCodeableConcept":{"coding":[{"system":"http://snomed.info/sct","code":"40617009","display":"Artificial ventilation (regime/therapy)"}]}}},{"definitionByTypeAndValue":{"type":{"coding":[{"system":"http://snomed.info/sct","code":"404684003","display":"Clinical finding (finding)"}]},"valueCodeableConcept":{"coding":[{"system":"http://snomed.info/sct","code":"67782005","display":"Acute respiratory distress syndrome (disorder)"}]}}}]}}]}