{"resourceType":"EvidenceVariable","id":"PopulationVentilatedCOVID19patients-fio2-point0","meta":{"profile":["https://www.netzwerk-universitaetsmedizin.de/fhir/cpg-on-ebm-on-fhir/StructureDefinition/recommendation-eligibility-criteria"]},"url":"https://www.netzwerk-universitaetsmedizin.de/fhir/codex-celida/guideline/covid19-inpatient-therapy/population/ventilated-covid19-patients-fio2-point0","name":"Population_COVID19_Ventilated_FiO2_0.0","title":"Population: Ventilated COVID-19 Patients, inspiratory oxygen fraction currently 0.0","status":"active","date":"2024-08-07T14:55:39+00:00","description":"Ventilated COVID-19 patients, inspiratory oxygen fraction currently 0.0 - 0.39","characteristic":[{"exclude":false,"definitionByCombination":{"code":"all-of","characteristic":[{"linkId":"covid19","exclude":false,"definitionByTypeAndValue":{"type":{"coding":[{"system":"http://snomed.info/sct","code":"404684003","display":"Clinical finding (finding)"}]},"valueCodeableConcept":{"coding":[{"system":"http://snomed.info/sct","code":"840539006","display":"Disease caused by Severe acute respiratory syndrome coronavirus 2 (disorder)"}]}}},{"exclude":false,"definitionByTypeAndValue":{"type":{"coding":[{"system":"http://snomed.info/sct","code":"71388002","display":"Procedure (procedure)"}]},"valueCodeableConcept":{"coding":[{"system":"http://snomed.info/sct","code":"40617009","display":"Artificial ventilation (regime/therapy)"}]}}},{"exclude":false,"definitionByTypeAndValue":{"type":{"coding":[{"system":"http://loinc.org","code":"3150-0","display":"Inhaled oxygen concentration"}]},"valueRange":{"low":{"value":0,"unit":"%","system":"http://unitsofmeasure.org","code":"%"},"high":{"value":39.9999999999999,"unit":"%","system":"http://unitsofmeasure.org","code":"%"}}}}]}}]}