{"resourceType":"EvidenceVariable","id":"PopHospitalisedNonICUCOVID19PatientsWITHHighRisk","meta":{"profile":["https://www.netzwerk-universitaetsmedizin.de/fhir/cpg-on-ebm-on-fhir/StructureDefinition/recommendation-eligibility-criteria"]},"url":"https://www.netzwerk-universitaetsmedizin.de/fhir/codex-celida/guideline/covid19-inpatient-therapy/population/hospitalised-non-icu-covid19-patients-high-risk","identifier":[{"system":"https://www.ceosys.de","value":"WITHHighRisk"}],"name":"COVID19_patients_NOT_ICU_with_high_risk","title":"Population: Hospitalised COVID-19 patients without the need for intensive care therapy considered high-risk for developing venous thrombosis","status":"active","date":"2024-08-07T14:55:39+00:00","description":"Population for recommendation 17 from guideline from https://www.awmf.org/leitlinien/detail/ll/113-001LG.html with characteristics: without the need for intensive care therapy, considered high-risk for developing venous thrombosis","characteristic":[{"exclude":true,"definitionByCombination":{"code":"any-of","characteristic":[{"linkId":"intensive-care-treatment","exclude":false,"definitionByTypeAndValue":{"type":{"coding":[{"system":"http://loinc.org","code":"78030-4","display":"Episode of care Type"}]},"valueCodeableConcept":{"coding":[{"system":"http://fhir.de/CodeSystem/kontaktart-de","code":"intensivstationaer","display":"Intensivstationär"}]}}}]}},{"exclude":false,"definitionByTypeAndValue":{"type":{"coding":[{"system":"http://snomed.info/sct","code":"404684003","display":"Clinical finding (finding)"}]},"valueCodeableConcept":{"coding":[{"system":"http://snomed.info/sct","code":"840539006","display":"Disease caused by Severe acute respiratory syndrome coronavirus 2 (disorder)"}]}}},{"linkId":"ddimer-range","exclude":false,"definitionByTypeAndValue":{"type":{"coding":[{"system":"http://loinc.org","code":"48066-5","display":"Fibrin D-dimer DDU [Mass/volume] in Platelet poor plasma"}]},"valueRange":{"low":{"value":2,"system":"http://unitsofmeasure.org","code":"mg/L"}}}}]}