{"resourceType":"EvidenceVariable","id":"PopulationVentilatedARDSPatients","meta":{"profile":["https://www.netzwerk-universitaetsmedizin.de/fhir/cpg-on-ebm-on-fhir/StructureDefinition/recommendation-eligibility-criteria"]},"url":"https://www.netzwerk-universitaetsmedizin.de/fhir/codex-celida/guideline/sepsis/population/ventilated-patients-with-ards","name":"Population_Ventilated_Patients_With_ARDS","title":"Population: Ventilated patients with ARDS","status":"active","date":"2024-08-07T14:55:39+00:00","description":"Ventilated patients with ARDS","characteristic":[{"exclude":false,"definitionByCombination":{"code":"all-of","characteristic":[{"exclude":false,"definitionByTypeAndValue":{"type":{"coding":[{"system":"http://snomed.info/sct","code":"71388002","display":"Procedure (procedure)"}]},"valueCodeableConcept":{"coding":[{"system":"http://snomed.info/sct","code":"40617009","display":"Artificial ventilation (regime/therapy)"}]}}},{"exclude":false,"definitionByTypeAndValue":{"type":{"coding":[{"system":"http://snomed.info/sct","code":"404684003","display":"Clinical finding (finding)"}]},"valueCodeableConcept":{"coding":[{"system":"http://snomed.info/sct","code":"67782005","display":"Acute respiratory distress syndrome (disorder)"}]}}}]}}]}