{"resourceType":"EvidenceVariable","id":"PopHospitalisedCOVID19PatientsWOContraIndications","meta":{"profile":["https://www.netzwerk-universitaetsmedizin.de/fhir/cpg-on-ebm-on-fhir/StructureDefinition/recommendation-eligibility-criteria"]},"url":"https://www.netzwerk-universitaetsmedizin.de/fhir/codex-celida/guideline/covid19-inpatient-therapy/population/hospitalised-covid19-patients-no-LMWH-contraindications","identifier":[{"system":"https://www.ceosys.de","value":"WithoutContraIndications"}],"name":"COVID19_patients_without_contraindications","title":"Population: Hospitalised COVID-19 patients without contraindications to LWMH","status":"active","date":"2024-08-07T14:55:39+00:00","description":"Population for guideline from https://www.awmf.org/leitlinien/detail/ll/113-001LG.html with characteristics: COVID-19 patients without contraindications to LWMH","actual":false,"characteristic":[{"linkId":"covid19","exclude":false,"definitionByTypeAndValue":{"type":{"coding":[{"system":"http://snomed.info/sct","code":"404684003","display":"Clinical finding (finding)"}]},"valueCodeableConcept":{"coding":[{"system":"http://snomed.info/sct","code":"840539006","display":"Disease caused by severe acute respiratory syndrome coronavirus 2 (disorder)"}]}}},{"exclude":true,"definitionByCombination":{"code":"any-of","characteristic":[{"linkId":"hit2","exclude":false,"definitionByTypeAndValue":{"type":{"coding":[{"system":"http://snomed.info/sct","code":"404684003","display":"Clinical finding (finding)"}]},"valueCodeableConcept":{"coding":[{"system":"http://snomed.info/sct","code":"111588002","display":"Heparin-induced thrombocytopenia with thrombosis (disorder)"}]}}},{"linkId":"heparin-allergy","exclude":false,"definitionByTypeAndValue":{"type":{"coding":[{"system":"http://snomed.info/sct","code":"609328004","display":"Allergic disposition (finding)"}]},"valueCodeableConcept":{"coding":[{"system":"http://snomed.info/sct","code":"294872001","display":"Allergy to heparin (finding)"}]}}},{"linkId":"heparinoid-allergy","exclude":false,"definitionByTypeAndValue":{"type":{"coding":[{"system":"http://snomed.info/sct","code":"609328004","display":"Allergic disposition (finding)"}]},"valueCodeableConcept":{"coding":[{"system":"http://snomed.info/sct","code":"294876003","display":"Allergy to heparinoid (finding)"}]}}}]}}]}