{"resourceType":"EvidenceVariable","id":"PopHospitalisedICUCOVID19Patients","meta":{"profile":["https://www.netzwerk-universitaetsmedizin.de/fhir/cpg-on-ebm-on-fhir/StructureDefinition/recommendation-eligibility-criteria"]},"url":"https://www.netzwerk-universitaetsmedizin.de/fhir/codex-celida/guideline/covid19-inpatient-therapy/population/hospitalised-icu-covid19-patients-without-thrombembolic-complication","identifier":[{"system":"https://www.ceosys.de","value":"HospitalICUCOVID19WOThrombembolic"}],"name":"COVID19_ICU_patients_without_thrombembolic complication","title":"Hospitalised COVID-19 patients, treated on ICU, without thrombembolic complication","status":"active","date":"2024-08-07T14:55:39+00:00","description":"COVID 19 patients without a thrombembolic complication","actual":false,"characteristic":[{"exclude":true,"definitionByCombination":{"code":"any-of","characteristic":[{"linkId":"venous-thrombosis","exclude":false,"definitionByTypeAndValue":{"type":{"coding":[{"system":"http://snomed.info/sct","code":"404684003","display":"Clinical finding (finding)"}]},"valueCodeableConcept":{"coding":[{"system":"http://snomed.info/sct","code":"111293003","display":"Venous Thrombosis"}]}}},{"linkId":"pulmonary-embolism","exclude":false,"definitionByTypeAndValue":{"type":{"coding":[{"system":"http://snomed.info/sct","code":"404684003","display":"Clinical finding (finding)"}]},"valueCodeableConcept":{"coding":[{"system":"http://snomed.info/sct","code":"59282003","display":"Pulmonary embolism (disorder)"}]}}},{"linkId":"atrial-fibrillation","exclude":false,"definitionByTypeAndValue":{"type":{"coding":[{"system":"http://snomed.info/sct","code":"404684003","display":"Clinical finding (finding)"}]},"valueCodeableConcept":{"coding":[{"system":"http://snomed.info/sct","code":"49436004","display":"Atrial fibrillation (disorder)"}]}}}]}},{"linkId":"covid19","exclude":false,"definitionByTypeAndValue":{"type":{"coding":[{"system":"http://snomed.info/sct","code":"404684003","display":"Clinical finding (finding)"}]},"valueCodeableConcept":{"coding":[{"system":"http://snomed.info/sct","code":"840539006","display":"Disease caused by Severe acute respiratory syndrome coronavirus 2 (disorder)"}]}}},{"linkId":"intensive-care-treatment","exclude":false,"definitionByTypeAndValue":{"type":{"coding":[{"system":"http://loinc.org","code":"78030-4","display":"Episode of care Type"}]},"valueCodeableConcept":{"coding":[{"system":"http://fhir.de/CodeSystem/kontaktart-de","code":"intensivstationaer","display":"Intensivstationär"}]}}}]}