{"resourceType":"PlanDefinition","id":"VentilatedCOVID19PatientsWithARDSVentilationPlan","meta":{"profile":["https://www.netzwerk-universitaetsmedizin.de/fhir/cpg-on-ebm-on-fhir/StructureDefinition/recommendation-plan"]},"extension":[{"url":"http://hl7.org/fhir/uv/cpg/StructureDefinition/cpg-knowledgeCapability","valueCode":"computable"},{"url":"http://hl7.org/fhir/uv/cpg/StructureDefinition/cpg-knowledgeRepresentationLevel","valueCode":"structured"},{"url":"http://hl7.org/fhir/uv/cpg/StructureDefinition/cpg-partOf","valueCanonical":"https://www.netzwerk-universitaetsmedizin.de/fhir/codex-celida/guideline/covid19-inpatient-therapy/recommendation/ventilation-plan-ards-tidal-volume"},{"extension":[{"url":"method","valueCodeableConcept":{"coding":[{"system":"https://www.netzwerk-universitaetsmedizin.de/fhir/cpg-on-ebm-on-fhir/CodeSystem/cs-action-combination-method","code":"all"}]}}],"url":"https://www.netzwerk-universitaetsmedizin.de/fhir/cpg-on-ebm-on-fhir/StructureDefinition/ext-action-combination-method"}],"url":"https://www.netzwerk-universitaetsmedizin.de/fhir/codex-celida/guideline/covid19-inpatient-therapy/intervention-plan/ventilation-plan","version":"7.0","name":"Ventilation_Plan","title":"Ventilation parameters for COVID-19 patients with ARDS","type":{"coding":[{"system":"http://terminology.hl7.org/CodeSystem/plan-definition-type","code":"eca-rule"}]},"status":"active","experimental":true,"subjectCanonical":"https://www.netzwerk-universitaetsmedizin.de/fhir/codex-celida/guideline/covid19-inpatient-therapy/population/ventilated-covid19-patients-with-ards","date":"2022-02","publisher":"NUM CODEX+ CELIDA","description":"In ventilated patients with COVID-19 and ARDS, tidal volume should be ≤ 6 ml/kg standard body weight, end-inspiratory airway pressure ≤ 30 cm H2O.","goal":[{"id":"tidal-volume-goal","category":{"coding":[{"system":"http://snomed.info/sct","code":"385857005","display":"Ventilator care and adjustment (regime/therapy)"}]},"description":{"text":"Tidal volume ≤ 6 ml/kg standard body weight"},"target":[{"measure":{"coding":[{"system":"https://www.netzwerk-universitaetsmedizin.de/fhir/codex-celida/CodeSystem/codex-celida","code":"tvpibw","display":"Tidal volume / ideal body weight (ARDSnet)"}]},"detailRange":{"high":{"value":6,"unit":"ml/kg","system":"http://unitsofmeasure.org","code":"ml/kg"}}}]},{"id":"end-inspiratory-pressure-goal","category":{"coding":[{"system":"http://snomed.info/sct","code":"385857005","display":"Ventilator care and adjustment (regime/therapy)"}]},"description":{"text":"End-inspiratory airway pressure ≤ 30 cm H2O"},"target":[{"measure":{"coding":[{"system":"http://loinc.org","code":"76259-1","display":"Pressure.plateau Respiratory system airway --on ventilator"}]},"detailRange":{"high":{"value":30,"unit":"cm[H2O]","system":"http://unitsofmeasure.org","code":"cm[H2O]"}}}]}],"action":[{"code":{"coding":[{"system":"http://snomed.info/sct","code":"410210009","display":"Ventilator care management (procedure)"}]},"goalId":["tidal-volume-goal","end-inspiratory-pressure-goal"]}]}