{"resourceType":"PlanDefinition","id":"VentilatedCOVID19patientsInterventionPlan-fio2-point5","meta":{"profile":["https://www.netzwerk-universitaetsmedizin.de/fhir/cpg-on-ebm-on-fhir/StructureDefinition/recommendation-plan"]},"extension":[{"url":"http://hl7.org/fhir/uv/cpg/StructureDefinition/cpg-knowledgeCapability","valueCode":"computable"},{"url":"http://hl7.org/fhir/uv/cpg/StructureDefinition/cpg-knowledgeRepresentationLevel","valueCode":"structured"},{"url":"http://hl7.org/fhir/uv/cpg/StructureDefinition/cpg-partOf","valueCanonical":"https://www.netzwerk-universitaetsmedizin.de/fhir/codex-celida/guideline/covid19-inpatient-therapy/recommendation/covid19-ventilation-plan-peep"},{"extension":[{"url":"method","valueCodeableConcept":{"coding":[{"system":"https://www.netzwerk-universitaetsmedizin.de/fhir/cpg-on-ebm-on-fhir/CodeSystem/cs-action-combination-method","code":"all"}]}}],"url":"https://www.netzwerk-universitaetsmedizin.de/fhir/cpg-on-ebm-on-fhir/StructureDefinition/ext-action-combination-method"}],"url":"https://www.netzwerk-universitaetsmedizin.de/fhir/codex-celida/guideline/covid19-inpatient-therapy/intervention-plan/peep-fio2-point5","identifier":[{"value":"PEEPPlanCOVIDPatients_OxygenFraction-0.5"}],"version":"7.0","name":"PEEP_Intervention_Plan_FiO2_0.5","title":"PEEP Intervention plan for COVID-19 patients, inspiratory oxygen fraction currently 0.5 - 0.59","type":{"coding":[{"system":"http://terminology.hl7.org/CodeSystem/plan-definition-type","code":"eca-rule"}]},"status":"active","experimental":true,"subjectCanonical":"https://www.netzwerk-universitaetsmedizin.de/fhir/codex-celida/guideline/covid19-inpatient-therapy/population/ventilated-covid19-patients-fio2-point5","date":"2022-02","publisher":"NUM CODEX+ CELIDA","description":"PEEP Intervention Plan for Ventilated COVID-19 Patients, inspiratory oxygen fraction currently 0.5 - 0.59","goal":[{"id":"ventilator-management-fio2-0.5-goal","category":{"coding":[{"system":"http://snomed.info/sct","code":"385857005","display":"Ventilator care and adjustment (regime/therapy)"}]},"description":{"text":"Positive end-expiratory pressure (PEEP) minimal value setting for COVID-19 Patients, inspiratory oxygen fraction currently 0.5 - 0.59"},"target":[{"measure":{"coding":[{"system":"http://loinc.org","code":"76248-4","display":"PEEP Respiratory system --on ventilator"}]},"detailRange":{"low":{"value":8,"unit":"cm[H2O]","system":"http://unitsofmeasure.org","code":"cm[H2O]"}}}]}],"action":[{"code":{"coding":[{"system":"http://snomed.info/sct","code":"410210009","display":"Ventilator care management (procedure)"}]},"goalId":["ventilator-management-fio2-0.5-goal"]}]}