{"resourceType":"PlanDefinition","id":"AntithrombFondapProphInHospitalisedCOVID19PatientsRecommPlan","meta":{"profile":["https://www.netzwerk-universitaetsmedizin.de/fhir/cpg-on-ebm-on-fhir/StructureDefinition/recommendation-plan"]},"extension":[{"url":"http://hl7.org/fhir/uv/cpg/StructureDefinition/cpg-knowledgeCapability","valueCode":"computable"},{"url":"http://hl7.org/fhir/uv/cpg/StructureDefinition/cpg-knowledgeRepresentationLevel","valueCode":"structured"},{"url":"http://hl7.org/fhir/uv/cpg/StructureDefinition/cpg-partOf","valueCanonical":"https://www.netzwerk-universitaetsmedizin.de/fhir/codex-celida/guideline/covid19-inpatient-therapy/recommendation/prophylactic-anticoagulation"},{"extension":[{"url":"method","valueCodeableConcept":{"coding":[{"system":"https://www.netzwerk-universitaetsmedizin.de/fhir/cpg-on-ebm-on-fhir/CodeSystem/cs-action-combination-method","code":"all"}]}}],"url":"https://www.netzwerk-universitaetsmedizin.de/fhir/cpg-on-ebm-on-fhir/StructureDefinition/ext-action-combination-method"}],"url":"https://www.netzwerk-universitaetsmedizin.de/fhir/codex-celida/guideline/covid19-inpatient-therapy/intervention-plan/antithrombotic-prophylaxis-fondaparinux","version":"0.1","name":"AntithromboticProphylaxisWithFondaparinux","title":"Antithrombotic prophylaxis with Fondaparinux in hospitalised COVID-19 patients","type":{"coding":[{"system":"http://terminology.hl7.org/CodeSystem/plan-definition-type","code":"eca-rule"}]},"status":"active","experimental":true,"subjectCanonical":"https://www.netzwerk-universitaetsmedizin.de/fhir/codex-celida/guideline/covid19-inpatient-therapy/population/hospitalised-covid19-patients-with-LMWH-contraindications","date":"2022-04-27","publisher":"NUM CODEX+ CELIDA","description":"Antithrombotic prophylaxis with Fondaparinux in hospitalised COVID-19 patients","action":[{"code":{"coding":[{"system":"http://snomed.info/sct","code":"432102000","display":"Administration of substance (procedure)"}]},"definitionCanonical":"https://www.netzwerk-universitaetsmedizin.de/fhir/codex-celida/guideline/covid19-inpatient-therapy/recommended-action/drug-administration-action/antithrombotic-prophylaxis-fondaparinux-administration"},{"code":{"coding":[{"system":"http://snomed.info/sct","code":"432102000","display":"Administration of substance (procedure)"}]},"definitionCanonical":"https://www.netzwerk-universitaetsmedizin.de/fhir/codex-celida/guideline/covid19-inpatient-therapy/recommended-action/drug-administration-action/no-therapeutic-anticoagulant-fondaparinux-administration"}]}