{"resourceType":"PlanDefinition","id":"RecommendationCollectionVentilatedCOVID19patients","meta":{"profile":["https://www.netzwerk-universitaetsmedizin.de/fhir/cpg-on-ebm-on-fhir/StructureDefinition/recommendation"]},"extension":[{"url":"http://hl7.org/fhir/uv/cpg/StructureDefinition/cpg-knowledgeCapability","valueCode":"computable"},{"url":"http://hl7.org/fhir/uv/cpg/StructureDefinition/cpg-knowledgeRepresentationLevel","valueCode":"structured"},{"extension":[{"url":"method","valueCodeableConcept":{"coding":[{"system":"https://www.netzwerk-universitaetsmedizin.de/fhir/cpg-on-ebm-on-fhir/CodeSystem/cs-action-combination-method","code":"exactly"}]}},{"url":"threshold","valuePositiveInt":1}],"url":"https://www.netzwerk-universitaetsmedizin.de/fhir/cpg-on-ebm-on-fhir/StructureDefinition/ext-action-combination-method"}],"url":"https://www.netzwerk-universitaetsmedizin.de/fhir/codex-celida/guideline/covid19-inpatient-therapy/recommendation/covid19-ventilation-plan-peep","version":"1.0","name":"36a - PEEP","title":"PPEEP for ventilated COVID-19 patients","type":{"coding":[{"system":"http://terminology.hl7.org/CodeSystem/plan-definition-type","code":"workflow-definition"}]},"status":"active","experimental":true,"date":"2022-02-14","publisher":"Deutsche Gesellschaft für Internistische Intensivmedizin und Notfallmedizin e.V. (DGIIN)","description":"Für die orientierende Einstellung des PEEP bei COVID-19 sollte die FiO2/PEEP-Tabelle des ARDS-Networks berücksichtigt werden. Durch ein engmaschiges Monitoring kann der PEEP der individuellen Situation des Patienten angepasst werden.","action":[{"title":"PEEP_Intervention_Plan_FiO2_0.0","description":"PEEP Intervention plan for COVID-19 patients, inspiratory oxygen fraction currently 0.0 - 0.39","code":{"coding":[{"system":"http://hl7.org/fhir/uv/cpg/CodeSystem/cpg-common-process","code":"guideline-based-care"}]},"definitionCanonical":"https://www.netzwerk-universitaetsmedizin.de/fhir/codex-celida/guideline/covid19-inpatient-therapy/intervention-plan/peep-fio2-point0"},{"title":"PEEP_Intervention_Plan_FiO2_0.4","description":"PEEP Intervention plan for COVID-19 patients, inspiratory oxygen fraction currently 0.4 - 0.49","code":{"coding":[{"system":"http://hl7.org/fhir/uv/cpg/CodeSystem/cpg-common-process","code":"guideline-based-care"}]},"definitionCanonical":"https://www.netzwerk-universitaetsmedizin.de/fhir/codex-celida/guideline/covid19-inpatient-therapy/intervention-plan/peep-fio2-point4"},{"title":"PEEP_Intervention_Plan_FiO2_0.5","description":"PEEP Intervention plan for COVID-19 patients, inspiratory oxygen fraction currently 0.5 - 0.59","code":{"coding":[{"system":"http://hl7.org/fhir/uv/cpg/CodeSystem/cpg-common-process","code":"guideline-based-care"}]},"definitionCanonical":"https://www.netzwerk-universitaetsmedizin.de/fhir/codex-celida/guideline/covid19-inpatient-therapy/intervention-plan/peep-fio2-point5"},{"title":"PEEP_Intervention_Plan_FiO2_0.6","description":"PEEP Intervention plan for COVID-19 patients, inspiratory oxygen fraction currently 0.6 - 0.69","code":{"coding":[{"system":"http://hl7.org/fhir/uv/cpg/CodeSystem/cpg-common-process","code":"guideline-based-care"}]},"definitionCanonical":"https://www.netzwerk-universitaetsmedizin.de/fhir/codex-celida/guideline/covid19-inpatient-therapy/intervention-plan/peep-fio2-point6"},{"title":"PEEP_Intervention_Plan_FiO2_0.7","description":"PEEP Intervention plan for COVID-19 patients, inspiratory oxygen fraction currently 0.7 - 0.79","code":{"coding":[{"system":"http://hl7.org/fhir/uv/cpg/CodeSystem/cpg-common-process","code":"guideline-based-care"}]},"definitionCanonical":"https://www.netzwerk-universitaetsmedizin.de/fhir/codex-celida/guideline/covid19-inpatient-therapy/intervention-plan/peep-fio2-point7"},{"title":"PEEP_Intervention_Plan_FiO2_0.8","description":"PEEP Intervention plan for COVID-19 patients, inspiratory oxygen fraction currently 0.8 - 0.89","code":{"coding":[{"system":"http://hl7.org/fhir/uv/cpg/CodeSystem/cpg-common-process","code":"guideline-based-care"}]},"definitionCanonical":"https://www.netzwerk-universitaetsmedizin.de/fhir/codex-celida/guideline/covid19-inpatient-therapy/intervention-plan/peep-fio2-point8"},{"title":"PEEP_Intervention_Plan_FiO2_0.9","description":"PEEP Intervention plan for COVID-19 patients, inspiratory oxygen fraction currently 0.9 - 0.99","code":{"coding":[{"system":"http://hl7.org/fhir/uv/cpg/CodeSystem/cpg-common-process","code":"guideline-based-care"}]},"definitionCanonical":"https://www.netzwerk-universitaetsmedizin.de/fhir/codex-celida/guideline/covid19-inpatient-therapy/intervention-plan/peep-fio2-point9"},{"title":"PEEP_Intervention_Plan_FiO2_1.0","description":"PEEP Intervention plan for COVID-19 patients, inspiratory oxygen fraction currently 1.0 - 1.0","code":{"coding":[{"system":"http://hl7.org/fhir/uv/cpg/CodeSystem/cpg-common-process","code":"guideline-based-care"}]},"definitionCanonical":"https://www.netzwerk-universitaetsmedizin.de/fhir/codex-celida/guideline/covid19-inpatient-therapy/intervention-plan/peep-fio2-1"}]}