{"resourceType":"PlanDefinition","id":"RecommendationCollectionAbdominalPositioningARDS","meta":{"profile":["https://www.netzwerk-universitaetsmedizin.de/fhir/cpg-on-ebm-on-fhir/StructureDefinition/recommendation"]},"extension":[{"url":"http://hl7.org/fhir/uv/cpg/StructureDefinition/cpg-knowledgeCapability","valueCode":"computable"},{"url":"http://hl7.org/fhir/uv/cpg/StructureDefinition/cpg-knowledgeRepresentationLevel","valueCode":"structured"},{"extension":[{"url":"method","valueCodeableConcept":{"coding":[{"system":"https://www.netzwerk-universitaetsmedizin.de/fhir/cpg-on-ebm-on-fhir/CodeSystem/cs-action-combination-method","code":"exactly"}]}},{"url":"threshold","valuePositiveInt":1}],"url":"https://www.netzwerk-universitaetsmedizin.de/fhir/cpg-on-ebm-on-fhir/StructureDefinition/ext-action-combination-method"}],"url":"https://www.netzwerk-universitaetsmedizin.de/fhir/codex-celida/guideline/covid19-inpatient-therapy/recommendation/covid19-abdominal-positioning-ards","version":"1.0","name":"36b - Abdominal Positioning","title":"Abdominal positioning for ventilated patients with ARDS and a PaO2/FiO2 < 150 mmHg","type":{"coding":[{"system":"http://terminology.hl7.org/CodeSystem/plan-definition-type","code":"workflow-definition"}]},"status":"active","experimental":true,"date":"2022-02-14","publisher":"Deutsche Gesellschaft für Internistische Intensivmedizin und Notfallmedizin e.V. (DGIIN)","description":"Bei ARDS und einem PaO2/FiO2 < 150 mmHg soll konsequent eine Bauchlagerung durchgeführt werden, das Bauchlagerungsintervall beträgt dabei mind. 16 Stunden.","action":[{"title":"Abdominal_Positioning_Plan_In_Case_Of_ARDS_And_PaO2/FiO2_<_150mmHg","description":"In ARDS and a PaO2/FiO2 < 150 mmHg, abdominal positioning should be consistently performed, with an abdominal positioning interval of at least 16 hours.","code":{"coding":[{"system":"http://hl7.org/fhir/uv/cpg/CodeSystem/cpg-common-process","code":"guideline-based-care"}]},"definitionCanonical":"https://www.netzwerk-universitaetsmedizin.de/fhir/codex-celida/guideline/covid19-inpatient-therapy/intervention-plan/abdominal-positioning-ARDS-plan"}]}