{"resourceType":"PlanDefinition","id":"RecommendationCollectionVentilatedPatientsWithARDS","meta":{"profile":["https://www.netzwerk-universitaetsmedizin.de/fhir/cpg-on-ebm-on-fhir/StructureDefinition/recommendation"]},"extension":[{"url":"http://hl7.org/fhir/uv/cpg/StructureDefinition/cpg-knowledgeCapability","valueCode":"computable"},{"url":"http://hl7.org/fhir/uv/cpg/StructureDefinition/cpg-knowledgeRepresentationLevel","valueCode":"structured"},{"extension":[{"url":"method","valueCodeableConcept":{"coding":[{"system":"https://www.netzwerk-universitaetsmedizin.de/fhir/cpg-on-ebm-on-fhir/CodeSystem/cs-action-combination-method","code":"exactly"}]}},{"url":"threshold","valuePositiveInt":1}],"url":"https://www.netzwerk-universitaetsmedizin.de/fhir/cpg-on-ebm-on-fhir/StructureDefinition/ext-action-combination-method"}],"url":"https://www.netzwerk-universitaetsmedizin.de/fhir/codex-celida/guideline/sepsis/recommendation/ventilation-plan-ards-tidal-volume","version":"1.0","name":"Sepis M.1 - Tidal Volume","title":"Tidal volume for ventilated patients with ARDS","type":{"coding":[{"system":"http://terminology.hl7.org/CodeSystem/plan-definition-type","code":"workflow-definition"}]},"status":"active","experimental":true,"date":"2022-02-14","publisher":"Deutsche Gesellschaft für Internistische Intensivmedizin und Notfallmedizin e.V. (DGIIN)","description":"Wir empfehlen die Beatmung von Patienten mit ARDS mit einem VT ≤ 6 ml/kg Standard-Körpergewicht (KG).","action":[{"title":"Ventilation_Plan_ARDS","description":"We recommend ventilating patients with ARDS with a VT ≤ 6 ml/kg standard body weight (bw). (Table 1, Appendix)","code":{"coding":[{"system":"http://hl7.org/fhir/uv/cpg/CodeSystem/cpg-common-process","code":"guideline-based-care"}]},"definitionCanonical":"https://www.netzwerk-universitaetsmedizin.de/fhir/codex-celida/guideline/sepsis/intervention-plan/ventilation-ARDS-plan"}]}