{"resourceType":"PlanDefinition","id":"RecCollectionTherapeuticAnticoagNonICUHighRiskCOVID19Patients","meta":{"profile":["https://www.netzwerk-universitaetsmedizin.de/fhir/cpg-on-ebm-on-fhir/StructureDefinition/recommendation"]},"extension":[{"url":"http://hl7.org/fhir/uv/cpg/StructureDefinition/cpg-knowledgeCapability","valueCode":"computable"},{"url":"http://hl7.org/fhir/uv/cpg/StructureDefinition/cpg-knowledgeRepresentationLevel","valueCode":"structured"},{"extension":[{"url":"method","valueCodeableConcept":{"coding":[{"system":"https://www.netzwerk-universitaetsmedizin.de/fhir/cpg-on-ebm-on-fhir/CodeSystem/cs-action-combination-method","code":"exactly"}]}},{"url":"threshold","valuePositiveInt":1}],"url":"https://www.netzwerk-universitaetsmedizin.de/fhir/cpg-on-ebm-on-fhir/StructureDefinition/ext-action-combination-method"}],"url":"https://www.netzwerk-universitaetsmedizin.de/fhir/codex-celida/guideline/covid19-inpatient-therapy/recommendation/therapeutic-anticoagulation","version":"1.0","name":"17 - Therapeutic Anticoagulation","title":"Therapeutic anticoagulation in non-intensive care, high-risk COVID-19 patients","type":{"coding":[{"system":"http://terminology.hl7.org/CodeSystem/plan-definition-type","code":"workflow-definition"}]},"status":"active","experimental":true,"date":"2022-02-14","publisher":"Deutsche Gesellschaft für Internistische Intensivmedizin und Notfallmedizin e.V. (DGIIN)","description":"Bei hospitalisierten, nichtintensivpflichtigen Patienten mit COVID-19 und erhöhtem Risiko (z.B. D-Dimere ≥ 2 mg/l) kann bei niedrigem Blutungsrisiko eine therapeutische Antikoagulation, präferenziell mit NMH oder UFH, erwogen werden.","action":[{"title":"Therapeutic_Anticoagulation_No_Renal_Function_Impairment","description":"Therapeutic Anticoagulation Plan (hospitalised, non-intensive care, COVID-19 patients)","code":{"coding":[{"system":"http://hl7.org/fhir/uv/cpg/CodeSystem/cpg-common-process","code":"guideline-based-care"}]},"definitionCanonical":"https://www.netzwerk-universitaetsmedizin.de/fhir/codex-celida/guideline/covid19-inpatient-therapy/intervention-plan/therapeutic-anticoagulation"}]}