{"resourceType":"PlanDefinition","id":"TherapeuticAnticoagulationNonICUHighRiskCOVID19PatientsPlan","meta":{"profile":["https://www.netzwerk-universitaetsmedizin.de/fhir/cpg-on-ebm-on-fhir/StructureDefinition/recommendation-plan"]},"extension":[{"url":"http://hl7.org/fhir/uv/cpg/StructureDefinition/cpg-knowledgeCapability","valueCode":"computable"},{"url":"http://hl7.org/fhir/uv/cpg/StructureDefinition/cpg-knowledgeRepresentationLevel","valueCode":"structured"},{"url":"http://hl7.org/fhir/uv/cpg/StructureDefinition/cpg-partOf","valueCanonical":"https://www.netzwerk-universitaetsmedizin.de/fhir/codex-celida/guideline/covid19-inpatient-therapy/recommendation/therapeutic-anticoagulation"},{"extension":[{"url":"method","valueCodeableConcept":{"coding":[{"system":"https://www.netzwerk-universitaetsmedizin.de/fhir/cpg-on-ebm-on-fhir/CodeSystem/cs-action-combination-method","code":"at-least"}]}},{"url":"threshold","valuePositiveInt":1}],"url":"https://www.netzwerk-universitaetsmedizin.de/fhir/cpg-on-ebm-on-fhir/StructureDefinition/ext-action-combination-method"}],"url":"https://www.netzwerk-universitaetsmedizin.de/fhir/codex-celida/guideline/covid19-inpatient-therapy/intervention-plan/therapeutic-anticoagulation","version":"7.0","name":"Therapeutic_Anticoagulation_No_Renal_Function_Impairment","title":"Therapeutic Anticoagulation Plan (hospitalised, non-intensive care, COVID-19 patients","type":{"coding":[{"system":"http://terminology.hl7.org/CodeSystem/plan-definition-type","code":"eca-rule"}]},"status":"active","experimental":true,"subjectCanonical":"https://www.netzwerk-universitaetsmedizin.de/fhir/codex-celida/guideline/covid19-inpatient-therapy/population/hospitalised-non-icu-covid19-patients-high-risk","date":"2022-02","publisher":"NUM CODEX+ CELIDA","description":"In hospitalized, non-intensive care patients with COVID-19 and increased risk (e.g., D-dimers ≥ 2 mg/l), therapeutic anticoagulation can be considered if the risk of bleeding is low. Anticoagulation, preferentially with NMH or UFH, can be considered.","goal":[{"id":"aPTT-goal","category":{"coding":[{"system":"http://snomed.info/sct","code":"410394004","display":"Lab findings surveillance (regime/therapy)"}]},"description":{"text":"aPTT value should be > 50 sec."},"target":[{"measure":{"coding":[{"system":"http://loinc.org","code":"3173-2","display":"aPTT in Blood by Coagulation assay"}]},"detailRange":{"low":{"value":50.0000001,"unit":"sec","system":"http://unitsofmeasure.org","code":"s"}}}]}],"action":[{"code":{"coding":[{"system":"http://snomed.info/sct","code":"432102000","display":"Administration of substance (procedure)"}]},"goalId":["aPTT-goal"],"definitionCanonical":"https://www.netzwerk-universitaetsmedizin.de/fhir/codex-celida/guideline/covid19-inpatient-therapy/recommended-action/drug-administration-action/therapeutic-anticoagulant-UFH-administration"},{"code":{"coding":[{"system":"http://snomed.info/sct","code":"432102000","display":"Administration of substance (procedure)"}]},"definitionCanonical":"https://www.netzwerk-universitaetsmedizin.de/fhir/codex-celida/guideline/covid19-inpatient-therapy/recommended-action/drug-administration-action/therapeutic-anticoagulant-dalteparin-administration-1xd"},{"code":{"coding":[{"system":"http://snomed.info/sct","code":"432102000","display":"Administration of substance (procedure)"}]},"definitionCanonical":"https://www.netzwerk-universitaetsmedizin.de/fhir/codex-celida/guideline/covid19-inpatient-therapy/recommended-action/drug-administration-action/therapeutic-anticoagulant-dalteparin-administration-2xd"},{"code":{"coding":[{"system":"http://snomed.info/sct","code":"432102000","display":"Administration of substance (procedure)"}]},"definitionCanonical":"https://www.netzwerk-universitaetsmedizin.de/fhir/codex-celida/guideline/covid19-inpatient-therapy/recommended-action/drug-administration-action/therapeutic-anticoagulant-dalteparin-administration-table"},{"code":{"coding":[{"system":"http://snomed.info/sct","code":"432102000","display":"Administration of substance (procedure)"}]},"definitionCanonical":"https://www.netzwerk-universitaetsmedizin.de/fhir/codex-celida/guideline/covid19-inpatient-therapy/recommended-action/drug-administration-action/therapeutic-anticoagulant-nadroparin-administration"},{"code":{"coding":[{"system":"http://snomed.info/sct","code":"432102000","display":"Administration of substance (procedure)"}]},"definitionCanonical":"https://www.netzwerk-universitaetsmedizin.de/fhir/codex-celida/guideline/covid19-inpatient-therapy/recommended-action/drug-administration-action/therapeutic-anticoagulant-enoxaparin-administration-1xd"},{"code":{"coding":[{"system":"http://snomed.info/sct","code":"432102000","display":"Administration of substance (procedure)"}]},"definitionCanonical":"https://www.netzwerk-universitaetsmedizin.de/fhir/codex-celida/guideline/covid19-inpatient-therapy/recommended-action/drug-administration-action/therapeutic-anticoagulant-enoxaparin-administration-2xd"},{"code":{"coding":[{"system":"http://snomed.info/sct","code":"432102000","display":"Administration of substance (procedure)"}]},"definitionCanonical":"https://www.netzwerk-universitaetsmedizin.de/fhir/codex-celida/guideline/covid19-inpatient-therapy/recommended-action/drug-administration-action/therapeutic-anticoagulant-certoparin-administration"},{"code":{"coding":[{"system":"http://snomed.info/sct","code":"432102000","display":"Administration of substance (procedure)"}]},"definitionCanonical":"https://www.netzwerk-universitaetsmedizin.de/fhir/codex-celida/guideline/covid19-inpatient-therapy/recommended-action/drug-administration-action/therapeutic-anticoagulant-fondaparinux-administration"},{"code":{"coding":[{"system":"http://snomed.info/sct","code":"432102000","display":"Administration of substance (procedure)"}]},"goalId":["aPTT-goal"],"definitionCanonical":"https://www.netzwerk-universitaetsmedizin.de/fhir/codex-celida/guideline/covid19-inpatient-therapy/recommended-action/drug-administration-action/therapeutic-anticoagulant-argatroban-administration"},{"code":{"coding":[{"system":"http://snomed.info/sct","code":"432102000","display":"Administration of substance (procedure)"}]},"definitionCanonical":"https://www.netzwerk-universitaetsmedizin.de/fhir/codex-celida/guideline/covid19-inpatient-therapy/recommended-action/drug-administration-action/therapeutic-anticoagulant-tinzaparin-administration"}]}