{"resourceType":"PlanDefinition","id":"VentilatedARDSPatientsInterventionPlan","meta":{"profile":["https://www.netzwerk-universitaetsmedizin.de/fhir/cpg-on-ebm-on-fhir/StructureDefinition/recommendation-plan"]},"extension":[{"url":"http://hl7.org/fhir/uv/cpg/StructureDefinition/cpg-knowledgeCapability","valueCode":"computable"},{"url":"http://hl7.org/fhir/uv/cpg/StructureDefinition/cpg-knowledgeRepresentationLevel","valueCode":"structured"},{"url":"http://hl7.org/fhir/uv/cpg/StructureDefinition/cpg-partOf","valueCanonical":"https://www.netzwerk-universitaetsmedizin.de/fhir/codex-celida/guideline/sepsis/recommendation/ventilation-plan-ards-tidal-volume"},{"extension":[{"url":"method","valueCodeableConcept":{"coding":[{"system":"https://www.netzwerk-universitaetsmedizin.de/fhir/cpg-on-ebm-on-fhir/CodeSystem/cs-action-combination-method","code":"all"}]}}],"url":"https://www.netzwerk-universitaetsmedizin.de/fhir/cpg-on-ebm-on-fhir/StructureDefinition/ext-action-combination-method"}],"url":"https://www.netzwerk-universitaetsmedizin.de/fhir/codex-celida/guideline/sepsis/intervention-plan/ventilation-ARDS-plan","version":"7.0","name":"Ventilation_Plan_ARDS","title":"Ventilation parameters for patients with ARDS","type":{"coding":[{"system":"http://terminology.hl7.org/CodeSystem/plan-definition-type","code":"eca-rule"}]},"status":"active","experimental":true,"subjectCanonical":"https://www.netzwerk-universitaetsmedizin.de/fhir/codex-celida/guideline/sepsis/population/ventilated-patients-with-ards","date":"2022-02","publisher":"NUM CODEX+ CELIDA","description":"We recommend ventilating patients with ARDS with a VT ≤ 6 ml/kg standard body weight (bw). (Table 1, Appendix)","goal":[{"id":"tidal-volume-ARDS-goal","category":{"coding":[{"system":"http://snomed.info/sct","code":"385857005","display":"Ventilator care and adjustment (regime/therapy)"}]},"description":{"text":"Tidal volume ≤ 6 ml/kg standard body weight"},"target":[{"measure":{"coding":[{"system":"https://www.netzwerk-universitaetsmedizin.de/fhir/codex-celida/CodeSystem/codex-celida","code":"tvpibw","display":"Tidal volume / ideal body weight (ARDSnet)"}]},"detailRange":{"high":{"value":6,"unit":"ml/kg","system":"http://unitsofmeasure.org","code":"ml/kg"}}}]}],"action":[{"code":{"coding":[{"system":"http://snomed.info/sct","code":"410210009","display":"Ventilator care management (procedure)"}]},"goalId":["tidal-volume-ARDS-goal"]}]}