{"resourceType":"PlanDefinition","id":"RecommendationCollectionVentilationCOVID19patientsWithARDS","meta":{"profile":["https://www.netzwerk-universitaetsmedizin.de/fhir/cpg-on-ebm-on-fhir/StructureDefinition/recommendation"]},"extension":[{"url":"http://hl7.org/fhir/uv/cpg/StructureDefinition/cpg-knowledgeCapability","valueCode":"computable"},{"url":"http://hl7.org/fhir/uv/cpg/StructureDefinition/cpg-knowledgeRepresentationLevel","valueCode":"structured"},{"extension":[{"url":"method","valueCodeableConcept":{"coding":[{"system":"https://www.netzwerk-universitaetsmedizin.de/fhir/cpg-on-ebm-on-fhir/CodeSystem/cs-action-combination-method","code":"exactly"}]}},{"url":"threshold","valuePositiveInt":1}],"url":"https://www.netzwerk-universitaetsmedizin.de/fhir/cpg-on-ebm-on-fhir/StructureDefinition/ext-action-combination-method"}],"url":"https://www.netzwerk-universitaetsmedizin.de/fhir/codex-celida/guideline/covid19-inpatient-therapy/recommendation/ventilation-plan-ards-tidal-volume","version":"1.0","name":"35 - Tidal Volume","title":"Tidal volume / end-inspiratory airway pressure for ventilated COVID-19 patients with ARDS","type":{"coding":[{"system":"http://terminology.hl7.org/CodeSystem/plan-definition-type","code":"workflow-definition"}]},"status":"active","experimental":true,"date":"2022-02-14","publisher":"Deutsche Gesellschaft für Internistische Intensivmedizin und Notfallmedizin e.V. (DGIIN)","description":"Bei beatmeten Patienten mit COVID-19 und ARDS sollte das Tidalvolumen ≤ 6 ml/kg Standardkörpergewicht betragen, der endinspiratorische Atemwegsdruck ≤ 30 cm H2O.","action":[{"title":"Ventilation_Plan","description":"In ventilated patients with COVID-19 and ARDS, tidal volume should be ≤ 6 ml/kg standard body weight, end-inspiratory airway pressure ≤ 30 cm H2O.","code":{"coding":[{"system":"http://hl7.org/fhir/uv/cpg/CodeSystem/cpg-common-process","code":"guideline-based-care"}]},"definitionCanonical":"https://www.netzwerk-universitaetsmedizin.de/fhir/codex-celida/guideline/covid19-inpatient-therapy/intervention-plan/ventilation-plan"}]}