{"resourceType":"PlanDefinition","id":"RecCollectionNoTherapeuticAnticoagNoIndicationICUCOVID19","meta":{"profile":["https://www.netzwerk-universitaetsmedizin.de/fhir/cpg-on-ebm-on-fhir/StructureDefinition/recommendation"]},"extension":[{"url":"http://hl7.org/fhir/uv/cpg/StructureDefinition/cpg-knowledgeCapability","valueCode":"computable"},{"url":"http://hl7.org/fhir/uv/cpg/StructureDefinition/cpg-knowledgeRepresentationLevel","valueCode":"structured"},{"extension":[{"url":"method","valueCodeableConcept":{"coding":[{"system":"https://www.netzwerk-universitaetsmedizin.de/fhir/cpg-on-ebm-on-fhir/CodeSystem/cs-action-combination-method","code":"exactly"}]}},{"url":"threshold","valuePositiveInt":1}],"url":"https://www.netzwerk-universitaetsmedizin.de/fhir/cpg-on-ebm-on-fhir/StructureDefinition/ext-action-combination-method"}],"url":"https://www.netzwerk-universitaetsmedizin.de/fhir/codex-celida/guideline/covid19-inpatient-therapy/recommendation/no-therapeutic-anticoagulation","version":"1.0","name":"18 - No Therapeutic Anticoagulation","title":"No therapeutic anticoagulation for intensive care COVID-19 patients with no specific indication","type":{"coding":[{"system":"http://terminology.hl7.org/CodeSystem/plan-definition-type","code":"workflow-definition"}]},"status":"active","experimental":true,"date":"2022-02-14","publisher":"Deutsche Gesellschaft für Internistische Intensivmedizin und Notfallmedizin e.V. (DGIIN)","description":"Bei Intensivpatienten ohne spezifische Indikation (z.B. Lungenembolien) sollte eine therapeutische Antikoagulation nicht erfolgen.","action":[{"title":"Anticoagulation_Plan_No_Specific_Indication","description":"Anticoagulation Plan for hospitalized intensive-care COVID-19 patients with no specific indication","code":{"coding":[{"system":"http://hl7.org/fhir/uv/cpg/CodeSystem/cpg-common-process","code":"guideline-based-care"}]},"definitionCanonical":"https://www.netzwerk-universitaetsmedizin.de/fhir/codex-celida/guideline/covid19-inpatient-therapy/intervention-plan/no-therapeutic-anticoagulation"}]}