{
  "resourceType" : "ActivityDefinition",
  "id" : "NoTherapeuticAnticoagulationFondaparinux",
  "meta" : {
    "profile" : ["https://www.netzwerk-universitaetsmedizin.de/fhir/cpg-on-ebm-on-fhir/StructureDefinition/drug-administration-action"]
  },
  "text" : {
    "status" : "generated",
    "div" : "<div xmlns=\"http://www.w3.org/1999/xhtml\"><p class=\"res-header-id\"><b>Generated Narrative: ActivityDefinition NoTherapeuticAnticoagulationFondaparinux</b></p><a name=\"NoTherapeuticAnticoagulationFondaparinux\"> </a><a name=\"hcNoTherapeuticAnticoagulationFondaparinux\"> </a><a name=\"NoTherapeuticAnticoagulationFondaparinux-en-US\"> </a><p><b>url</b>: <a href=\"ActivityDefinition-NoTherapeuticAnticoagulationFondaparinux.html\">ActivityDefinition NO Therapeutic Anticoagulation Treatment with Fondaparinux</a></p><p><b>version</b>: 0.1</p><p><b>name</b>: NoTherapeuticAnticoagulationPlanFondaparinux</p><p><b>title</b>: NO Therapeutic Anticoagulation Treatment with Fondaparinux</p><p><b>status</b>: Active</p><p><b>experimental</b>: true</p><p><b>subject</b>: <span title=\"Codes:{http://hl7.org/fhir/fhir-types Patient}\">Patient</span></p><p><b>date</b>: 2024-08-07 14:55:39+0000</p><p><b>publisher</b>: NUM CODEX+ CELIDA</p><p><b>description</b>: </p><div><p>NoTherapeutic Anticoagulation Treatment with Fondaparinux for non-intensive care hospitalised COVID-19 patients patients with no specific indications (i.e., pulmonary embolism)</p>\n</div><p><b>kind</b>: MedicationRequest</p><p><b>code</b>: <span title=\"Codes:{http://snomed.info/sct 432102000}\">Administration of substance (procedure)</span></p><p><b>doNotPerform</b>: true</p><p><b>product</b>: <span title=\"Codes:{http://snomed.info/sct 708189008}, {http://fhir.de/CodeSystem/bfarm/atc B01AX05}\">Fondaparinux (substance)</span></p><blockquote><p><b>dosage</b></p></blockquote><blockquote><p><b>dosage</b></p></blockquote><blockquote><p><b>dosage</b></p></blockquote></div>"
  },
  "extension" : [{
    "url" : "http://hl7.org/fhir/uv/cpg/StructureDefinition/cpg-knowledgeCapability",
    "valueCode" : "computable"
  },
  {
    "url" : "http://hl7.org/fhir/uv/cpg/StructureDefinition/cpg-knowledgeRepresentationLevel",
    "valueCode" : "structured"
  }],
  "url" : "https://www.netzwerk-universitaetsmedizin.de/fhir/codex-celida/guideline/covid19-inpatient-therapy/recommended-action/drug-administration-action/no-therapeutic-anticoagulant-fondaparinux-administration",
  "version" : "0.1",
  "name" : "NoTherapeuticAnticoagulationPlanFondaparinux",
  "title" : "NO Therapeutic Anticoagulation Treatment with Fondaparinux",
  "status" : "active",
  "experimental" : true,
  "subjectCodeableConcept" : {
    "coding" : [{
      "system" : "http://hl7.org/fhir/fhir-types",
      "code" : "Patient"
    }]
  },
  "date" : "2024-08-07T14:55:39+00:00",
  "publisher" : "NUM CODEX+ CELIDA",
  "description" : "NoTherapeutic Anticoagulation Treatment with Fondaparinux for non-intensive care hospitalised COVID-19 patients patients with no specific indications (i.e., pulmonary embolism)",
  "kind" : "MedicationRequest",
  "code" : {
    "coding" : [{
      "system" : "http://snomed.info/sct",
      "code" : "432102000",
      "display" : "Administration of substance (procedure)"
    }]
  },
  "doNotPerform" : true,
  "productCodeableConcept" : {
    "coding" : [{
      "system" : "http://snomed.info/sct",
      "code" : "708189008",
      "display" : "Fondaparinux (substance)"
    },
    {
      "system" : "http://fhir.de/CodeSystem/bfarm/atc",
      "code" : "B01AX05",
      "display" : "Fondaparinux (substance)"
    }]
  },
  "dosage" : [{
    "extension" : [{
      "extension" : [{
        "url" : "type",
        "valueCodeableConcept" : {
          "coding" : [{
            "system" : "http://loinc.org",
            "code" : "29463-7",
            "display" : "Body weight"
          }]
        }
      },
      {
        "url" : "value",
        "valueRange" : {
          "high" : {
            "value" : 49.999999,
            "unit" : "kg",
            "system" : "http://unitsofmeasure.org",
            "code" : "kg"
          }
        }
      }],
      "url" : "https://www.netzwerk-universitaetsmedizin.de/fhir/cpg-on-ebm-on-fhir/StructureDefinition/ext-dosage-condition"
    }],
    "timing" : {
      "repeat" : {
        "frequency" : 1,
        "period" : 1,
        "periodUnit" : "d"
      }
    },
    "route" : {
      "coding" : [{
        "system" : "http://snomed.info/sct",
        "code" : "34206005",
        "display" : "Subcutaneous route (qualifier value)"
      }]
    },
    "doseAndRate" : [{
      "doseQuantity" : {
        "value" : 5,
        "unit" : "mg",
        "system" : "http://unitsofmeasure.org",
        "code" : "mg"
      }
    }]
  },
  {
    "extension" : [{
      "extension" : [{
        "url" : "type",
        "valueCodeableConcept" : {
          "coding" : [{
            "system" : "http://loinc.org",
            "code" : "29463-7",
            "display" : "Body weight"
          }]
        }
      },
      {
        "url" : "value",
        "valueRange" : {
          "low" : {
            "value" : 50,
            "unit" : "kg",
            "system" : "http://unitsofmeasure.org",
            "code" : "kg"
          },
          "high" : {
            "value" : 100,
            "unit" : "kg",
            "system" : "http://unitsofmeasure.org",
            "code" : "kg"
          }
        }
      }],
      "url" : "https://www.netzwerk-universitaetsmedizin.de/fhir/cpg-on-ebm-on-fhir/StructureDefinition/ext-dosage-condition"
    }],
    "timing" : {
      "repeat" : {
        "frequency" : 1,
        "period" : 1,
        "periodUnit" : "d"
      }
    },
    "route" : {
      "coding" : [{
        "system" : "http://snomed.info/sct",
        "code" : "34206005",
        "display" : "Subcutaneous route (qualifier value)"
      }]
    },
    "doseAndRate" : [{
      "doseQuantity" : {
        "value" : 7.5,
        "unit" : "mg",
        "system" : "http://unitsofmeasure.org",
        "code" : "mg"
      }
    }]
  },
  {
    "extension" : [{
      "extension" : [{
        "url" : "type",
        "valueCodeableConcept" : {
          "coding" : [{
            "system" : "http://loinc.org",
            "code" : "29463-7",
            "display" : "Body weight"
          }]
        }
      },
      {
        "url" : "value",
        "valueRange" : {
          "low" : {
            "value" : 100.00001,
            "unit" : "kg",
            "system" : "http://unitsofmeasure.org",
            "code" : "kg"
          }
        }
      }],
      "url" : "https://www.netzwerk-universitaetsmedizin.de/fhir/cpg-on-ebm-on-fhir/StructureDefinition/ext-dosage-condition"
    }],
    "timing" : {
      "repeat" : {
        "frequency" : 1,
        "period" : 1,
        "periodUnit" : "d"
      }
    },
    "route" : {
      "coding" : [{
        "system" : "http://snomed.info/sct",
        "code" : "34206005",
        "display" : "Subcutaneous route (qualifier value)"
      }]
    },
    "doseAndRate" : [{
      "doseQuantity" : {
        "value" : 10,
        "unit" : "mg",
        "system" : "http://unitsofmeasure.org",
        "code" : "mg"
      }
    }]
  }]
}