{
  "resourceType" : "ActivityDefinition",
  "id" : "NoTherapeuticAnticoagulationWArgatra",
  "meta" : {
    "profile" : ["https://www.netzwerk-universitaetsmedizin.de/fhir/cpg-on-ebm-on-fhir/StructureDefinition/drug-administration-action"]
  },
  "text" : {
    "status" : "generated",
    "div" : "<div xmlns=\"http://www.w3.org/1999/xhtml\"><p class=\"res-header-id\"><b>Generated Narrative: ActivityDefinition NoTherapeuticAnticoagulationWArgatra</b></p><a name=\"NoTherapeuticAnticoagulationWArgatra\"> </a><a name=\"hcNoTherapeuticAnticoagulationWArgatra\"> </a><a name=\"NoTherapeuticAnticoagulationWArgatra-en-US\"> </a><p><b>url</b>: <a href=\"ActivityDefinition-NoTherapeuticAnticoagulationWArgatra.html\">ActivityDefinition No Therapeutic Anticoagulation Treatment with Argatroban</a></p><p><b>version</b>: 0.1</p><p><b>name</b>: NoTherapeuticAnticoagulationPlanArgatroban</p><p><b>title</b>: No Therapeutic Anticoagulation Treatment with Argatroban</p><p><b>status</b>: Active</p><p><b>experimental</b>: true</p><p><b>subject</b>: <span title=\"Codes:{http://hl7.org/fhir/fhir-types Patient}\">Patient</span></p><p><b>date</b>: 2024-08-07 14:55:39+0000</p><p><b>publisher</b>: NUM CODEX+ CELIDA</p><p><b>description</b>: </p><div><p>No Therapeutic Anticoagulation Treatment with Argatroban for non-intensive care hospitalised COVID-19 patients patients with no specific indications (i.e., pulmonary embolism)</p>\n</div><p><b>kind</b>: MedicationRequest</p><p><b>code</b>: <span title=\"Codes:{http://snomed.info/sct 432102000}\">Administration of substance (procedure)</span></p><p><b>doNotPerform</b>: true</p><p><b>product</b>: <span title=\"Codes:{http://snomed.info/sct 116508003}, {http://fhir.de/CodeSystem/bfarm/atc B01AE03}\">Argatroban (substance)</span></p><blockquote><p><b>dosage</b></p></blockquote></div>"
  },
  "extension" : [{
    "url" : "http://hl7.org/fhir/uv/cpg/StructureDefinition/cpg-knowledgeCapability",
    "valueCode" : "computable"
  },
  {
    "url" : "http://hl7.org/fhir/uv/cpg/StructureDefinition/cpg-knowledgeRepresentationLevel",
    "valueCode" : "structured"
  }],
  "url" : "https://www.netzwerk-universitaetsmedizin.de/fhir/codex-celida/guideline/covid19-inpatient-therapy/recommended-action/drug-administration-action/no-therapeutic-anticoagulant-argatroban-administration",
  "version" : "0.1",
  "name" : "NoTherapeuticAnticoagulationPlanArgatroban",
  "title" : "No Therapeutic Anticoagulation Treatment with Argatroban",
  "status" : "active",
  "experimental" : true,
  "subjectCodeableConcept" : {
    "coding" : [{
      "system" : "http://hl7.org/fhir/fhir-types",
      "code" : "Patient"
    }]
  },
  "date" : "2024-08-07T14:55:39+00:00",
  "publisher" : "NUM CODEX+ CELIDA",
  "description" : "No Therapeutic Anticoagulation Treatment with Argatroban for non-intensive care hospitalised COVID-19 patients patients with no specific indications (i.e., pulmonary embolism)",
  "kind" : "MedicationRequest",
  "code" : {
    "coding" : [{
      "system" : "http://snomed.info/sct",
      "code" : "432102000",
      "display" : "Administration of substance (procedure)"
    }]
  },
  "doNotPerform" : true,
  "productCodeableConcept" : {
    "coding" : [{
      "system" : "http://snomed.info/sct",
      "code" : "116508003",
      "display" : "Argatroban (substance)"
    },
    {
      "system" : "http://fhir.de/CodeSystem/bfarm/atc",
      "code" : "B01AE03",
      "display" : "Argatroban"
    }]
  },
  "dosage" : [{
    "timing" : {
      "repeat" : {
        "frequency" : 1,
        "period" : 1,
        "periodUnit" : "d"
      }
    },
    "route" : {
      "coding" : [{
        "system" : "http://snomed.info/sct",
        "code" : "47625008",
        "display" : "Intravenous route (qualifier value)"
      }]
    },
    "doseAndRate" : [{
      "doseRange" : {
        "low" : {
          "value" : 0,
          "unit" : "IU",
          "system" : "http://unitsofmeasure.org",
          "code" : "[iU]"
        }
      }
    }]
  }]
}