{
  "resourceType" : "ActivityDefinition",
  "id" : "TherapeuticAnticoagulationNMHDalteparin1xd",
  "meta" : {
    "profile" : ["https://www.netzwerk-universitaetsmedizin.de/fhir/cpg-on-ebm-on-fhir/StructureDefinition/drug-administration-action"]
  },
  "text" : {
    "status" : "generated",
    "div" : "<div xmlns=\"http://www.w3.org/1999/xhtml\"><p class=\"res-header-id\"><b>Generated Narrative: ActivityDefinition TherapeuticAnticoagulationNMHDalteparin1xd</b></p><a name=\"TherapeuticAnticoagulationNMHDalteparin1xd\"> </a><a name=\"hcTherapeuticAnticoagulationNMHDalteparin1xd\"> </a><a name=\"TherapeuticAnticoagulationNMHDalteparin1xd-en-US\"> </a><p><b>url</b>: <a href=\"ActivityDefinition-TherapeuticAnticoagulationNMHDalteparin1xd.html\">ActivityDefinition Therapeutic Anticoagulation Treatment with Dalteparin</a></p><p><b>version</b>: 0.1</p><p><b>name</b>: TherapeuticAnticoagulationDalteparinPlan</p><p><b>title</b>: Therapeutic Anticoagulation Treatment with Dalteparin</p><p><b>status</b>: Active</p><p><b>experimental</b>: true</p><p><b>subject</b>: <span title=\"Codes:{http://hl7.org/fhir/fhir-types Patient}\">Patient</span></p><p><b>date</b>: 2024-08-07 14:55:39+0000</p><p><b>publisher</b>: NUM CODEX+ CELIDA</p><p><b>description</b>: </p><div><p>Therapeutic Anticoagulation Treatment (NMH) for non-intensive care hospitalised COVID-19 patients patients with high risk (D-Dimer &gt;= 2mg/l) with Dalteparin</p>\n</div><p><b>kind</b>: MedicationRequest</p><p><b>code</b>: <span title=\"Codes:{http://snomed.info/sct 432102000}\">Administration of substance (procedure)</span></p><p><b>product</b>: <span title=\"Codes:{http://snomed.info/sct 372563008}, {http://fhir.de/CodeSystem/bfarm/atc B01AB04}\">Dalteparin (substance)</span></p><blockquote><p><b>dosage</b></p></blockquote></div>"
  },
  "extension" : [{
    "url" : "http://hl7.org/fhir/uv/cpg/StructureDefinition/cpg-knowledgeCapability",
    "valueCode" : "computable"
  },
  {
    "url" : "http://hl7.org/fhir/uv/cpg/StructureDefinition/cpg-knowledgeRepresentationLevel",
    "valueCode" : "structured"
  }],
  "url" : "https://www.netzwerk-universitaetsmedizin.de/fhir/codex-celida/guideline/covid19-inpatient-therapy/recommended-action/drug-administration-action/therapeutic-anticoagulant-dalteparin-administration-1xd",
  "version" : "0.1",
  "name" : "TherapeuticAnticoagulationDalteparinPlan",
  "title" : "Therapeutic Anticoagulation Treatment with Dalteparin",
  "status" : "active",
  "experimental" : true,
  "subjectCodeableConcept" : {
    "coding" : [{
      "system" : "http://hl7.org/fhir/fhir-types",
      "code" : "Patient"
    }]
  },
  "date" : "2024-08-07T14:55:39+00:00",
  "publisher" : "NUM CODEX+ CELIDA",
  "description" : "Therapeutic Anticoagulation Treatment (NMH) for non-intensive care hospitalised COVID-19 patients patients with high risk (D-Dimer >= 2mg/l) with Dalteparin",
  "kind" : "MedicationRequest",
  "code" : {
    "coding" : [{
      "system" : "http://snomed.info/sct",
      "code" : "432102000",
      "display" : "Administration of substance (procedure)"
    }]
  },
  "productCodeableConcept" : {
    "coding" : [{
      "system" : "http://snomed.info/sct",
      "code" : "372563008",
      "display" : "Dalteparin (substance)"
    },
    {
      "system" : "http://fhir.de/CodeSystem/bfarm/atc",
      "code" : "B01AB04",
      "display" : "Dalteparin"
    }]
  },
  "dosage" : [{
    "timing" : {
      "repeat" : {
        "frequency" : 1,
        "period" : 1,
        "periodUnit" : "d"
      }
    },
    "route" : {
      "coding" : [{
        "system" : "http://snomed.info/sct",
        "code" : "34206005",
        "display" : "Subcutaneous route (qualifier value)"
      }]
    },
    "doseAndRate" : [{
      "doseQuantity" : {
        "value" : 200,
        "unit" : "IU/kg",
        "system" : "http://unitsofmeasure.org",
        "code" : "[iU]/kg"
      }
    }]
  }]
}