{
  "resourceType" : "EvidenceVariable",
  "id" : "PopHospitalisedCOVID19PatientsWithContraIndications",
  "meta" : {
    "profile" : ["https://www.netzwerk-universitaetsmedizin.de/fhir/cpg-on-ebm-on-fhir/StructureDefinition/recommendation-eligibility-criteria"]
  },
  "text" : {
    "status" : "generated",
    "div" : "<div xmlns=\"http://www.w3.org/1999/xhtml\"><p class=\"res-header-id\"><b>Generated Narrative: EvidenceVariable PopHospitalisedCOVID19PatientsWithContraIndications</b></p><a name=\"PopHospitalisedCOVID19PatientsWithContraIndications\"> </a><a name=\"hcPopHospitalisedCOVID19PatientsWithContraIndications\"> </a><a name=\"PopHospitalisedCOVID19PatientsWithContraIndications-en-US\"> </a><p><b>url</b>: <a href=\"EvidenceVariable-PopHospitalisedCOVID19PatientsWithContraIndications.html\">EvidenceVariable Population: Hospitalised COVID-19 patients with existing contraindications to LWMH</a></p><p><b>identifier</b>: <code>https://www.ceosys.de</code>/WithContraIndications</p><p><b>name</b>: COVID19_patients_with_contraindications</p><p><b>title</b>: Population: Hospitalised COVID-19 patients with existing contraindications to LWMH</p><p><b>status</b>: Active</p><p><b>date</b>: 2024-08-07 14:55:39+0000</p><p><b>description</b>: </p><div><p>Population for guideline from https://www.awmf.org/leitlinien/detail/ll/113-001LG.html with characteristics: COVID-19 patients, existing contraindications to LWMH</p>\n</div><p><b>actual</b>: false</p><blockquote><p><b>characteristic</b></p><p><b>linkId</b>: covid19</p><p><b>exclude</b>: false</p><h3>DefinitionByTypeAndValues</h3><table class=\"grid\"><tr><td style=\"display: none\">-</td><td><b>Type</b></td><td><b>Value[x]</b></td></tr><tr><td style=\"display: none\">*</td><td><span title=\"Codes:{http://snomed.info/sct 404684003}\">Clinical finding (finding)</span></td><td><span title=\"Codes:{http://snomed.info/sct 840539006}\">Disease caused by severe acute respiratory syndrome coronavirus 2 (disorder)</span></td></tr></table></blockquote><blockquote><p><b>characteristic</b></p><p><b>exclude</b>: false</p><blockquote><p><b>definitionByCombination</b></p><p><b>code</b>: Any of</p><blockquote><p><b>characteristic</b></p></blockquote><blockquote><p><b>characteristic</b></p></blockquote><blockquote><p><b>characteristic</b></p></blockquote></blockquote></blockquote></div>"
  },
  "url" : "https://www.netzwerk-universitaetsmedizin.de/fhir/codex-celida/guideline/covid19-inpatient-therapy/population/hospitalised-covid19-patients-with-LMWH-contraindications",
  "identifier" : [{
    "system" : "https://www.ceosys.de",
    "value" : "WithContraIndications"
  }],
  "name" : "COVID19_patients_with_contraindications",
  "title" : "Population: Hospitalised COVID-19 patients with existing contraindications to LWMH",
  "status" : "active",
  "date" : "2024-08-07T14:55:39+00:00",
  "description" : "Population for guideline from https://www.awmf.org/leitlinien/detail/ll/113-001LG.html with characteristics: COVID-19 patients, existing contraindications to LWMH",
  "actual" : false,
  "characteristic" : [{
    "linkId" : "covid19",
    "exclude" : false,
    "definitionByTypeAndValue" : {
      "type" : {
        "coding" : [{
          "system" : "http://snomed.info/sct",
          "code" : "404684003",
          "display" : "Clinical finding (finding)"
        }]
      },
      "valueCodeableConcept" : {
        "coding" : [{
          "system" : "http://snomed.info/sct",
          "code" : "840539006",
          "display" : "Disease caused by severe acute respiratory syndrome coronavirus 2 (disorder)"
        }]
      }
    }
  },
  {
    "exclude" : false,
    "definitionByCombination" : {
      "code" : "any-of",
      "characteristic" : [{
        "linkId" : "hit2",
        "exclude" : false,
        "definitionByTypeAndValue" : {
          "type" : {
            "coding" : [{
              "system" : "http://snomed.info/sct",
              "code" : "404684003",
              "display" : "Clinical finding (finding)"
            }]
          },
          "valueCodeableConcept" : {
            "coding" : [{
              "system" : "http://snomed.info/sct",
              "code" : "111588002",
              "display" : "Heparin-induced thrombocytopenia with thrombosis (disorder)"
            }]
          }
        }
      },
      {
        "linkId" : "heparin-allergy",
        "exclude" : false,
        "definitionByTypeAndValue" : {
          "type" : {
            "coding" : [{
              "system" : "http://snomed.info/sct",
              "code" : "609328004",
              "display" : "Allergic disposition (finding)"
            }]
          },
          "valueCodeableConcept" : {
            "coding" : [{
              "system" : "http://snomed.info/sct",
              "code" : "294872001",
              "display" : "Allergy to heparin (finding)"
            }]
          }
        }
      },
      {
        "linkId" : "heparinoid-allergy",
        "exclude" : false,
        "definitionByTypeAndValue" : {
          "type" : {
            "coding" : [{
              "system" : "http://snomed.info/sct",
              "code" : "609328004",
              "display" : "Allergic disposition (finding)"
            }]
          },
          "valueCodeableConcept" : {
            "coding" : [{
              "system" : "http://snomed.info/sct",
              "code" : "294876003",
              "display" : "Allergy to heparinoid (finding)"
            }]
          }
        }
      }]
    }
  }]
}