{
  "resourceType" : "EvidenceVariable",
  "id" : "PopulationVentilatedCOVID19patients-fio2-point6",
  "meta" : {
    "profile" : ["https://www.netzwerk-universitaetsmedizin.de/fhir/cpg-on-ebm-on-fhir/StructureDefinition/recommendation-eligibility-criteria"]
  },
  "text" : {
    "status" : "generated",
    "div" : "<div xmlns=\"http://www.w3.org/1999/xhtml\"><p class=\"res-header-id\"><b>Generated Narrative: EvidenceVariable PopulationVentilatedCOVID19patients-fio2-point6</b></p><a name=\"PopulationVentilatedCOVID19patients-fio2-point6\"> </a><a name=\"hcPopulationVentilatedCOVID19patients-fio2-point6\"> </a><a name=\"PopulationVentilatedCOVID19patients-fio2-point6-en-US\"> </a><p><b>url</b>: <a href=\"EvidenceVariable-PopulationVentilatedCOVID19patients-fio2-point6.html\">EvidenceVariable Population: Ventilated COVID-19 Patients, inspiratory oxygen fraction currently 0.6</a></p><p><b>name</b>: Population_COVID19_Ventilated_FiO2_0.6</p><p><b>title</b>: Population: Ventilated COVID-19 Patients, inspiratory oxygen fraction currently 0.6</p><p><b>status</b>: Active</p><p><b>date</b>: 2024-08-07 14:55:39+0000</p><p><b>description</b>: </p><div><p>Ventilated COVID-19 patients, inspiratory oxygen fraction currently 0.6 - 0.69</p>\n</div><blockquote><p><b>characteristic</b></p><p><b>exclude</b>: false</p><blockquote><p><b>definitionByCombination</b></p><p><b>code</b>: All of</p><blockquote><p><b>characteristic</b></p></blockquote><blockquote><p><b>characteristic</b></p></blockquote><blockquote><p><b>characteristic</b></p></blockquote></blockquote></blockquote></div>"
  },
  "url" : "https://www.netzwerk-universitaetsmedizin.de/fhir/codex-celida/guideline/covid19-inpatient-therapy/population/ventilated-covid19-patients-fio2-point6",
  "name" : "Population_COVID19_Ventilated_FiO2_0.6",
  "title" : "Population: Ventilated COVID-19 Patients, inspiratory oxygen fraction currently 0.6",
  "status" : "active",
  "date" : "2024-08-07T14:55:39+00:00",
  "description" : "Ventilated COVID-19 patients, inspiratory oxygen fraction currently 0.6 - 0.69",
  "characteristic" : [{
    "exclude" : false,
    "definitionByCombination" : {
      "code" : "all-of",
      "characteristic" : [{
        "linkId" : "covid19",
        "exclude" : false,
        "definitionByTypeAndValue" : {
          "type" : {
            "coding" : [{
              "system" : "http://snomed.info/sct",
              "code" : "404684003",
              "display" : "Clinical finding (finding)"
            }]
          },
          "valueCodeableConcept" : {
            "coding" : [{
              "system" : "http://snomed.info/sct",
              "code" : "840539006",
              "display" : "Disease caused by Severe acute respiratory syndrome coronavirus 2 (disorder)"
            }]
          }
        }
      },
      {
        "exclude" : false,
        "definitionByTypeAndValue" : {
          "type" : {
            "coding" : [{
              "system" : "http://snomed.info/sct",
              "code" : "71388002",
              "display" : "Procedure (procedure)"
            }]
          },
          "valueCodeableConcept" : {
            "coding" : [{
              "system" : "http://snomed.info/sct",
              "code" : "40617009",
              "display" : "Artificial ventilation (regime/therapy)"
            }]
          }
        }
      },
      {
        "definitionByTypeAndValue" : {
          "type" : {
            "coding" : [{
              "system" : "http://loinc.org",
              "code" : "3150-0",
              "display" : "Inhaled oxygen concentration"
            }]
          },
          "valueRange" : {
            "low" : {
              "value" : 60,
              "unit" : "%",
              "system" : "http://unitsofmeasure.org",
              "code" : "%"
            },
            "high" : {
              "value" : 69.9999999999999,
              "unit" : "%",
              "system" : "http://unitsofmeasure.org",
              "code" : "%"
            }
          }
        }
      }]
    }
  }]
}