{
  "resourceType" : "PlanDefinition",
  "id" : "AntithrombFondapProphInHospitalisedCOVID19PatientsRecommPlan",
  "meta" : {
    "profile" : ["https://www.netzwerk-universitaetsmedizin.de/fhir/cpg-on-ebm-on-fhir/StructureDefinition/recommendation-plan"]
  },
  "text" : {
    "status" : "generated",
    "div" : "<div xmlns=\"http://www.w3.org/1999/xhtml\"><p class=\"res-header-id\"><b>Generated Narrative: PlanDefinition AntithrombFondapProphInHospitalisedCOVID19PatientsRecommPlan</b></p><a name=\"AntithrombFondapProphInHospitalisedCOVID19PatientsRecommPlan\"> </a><a name=\"hcAntithrombFondapProphInHospitalisedCOVID19PatientsRecommPlan\"> </a><a name=\"AntithrombFondapProphInHospitalisedCOVID19PatientsRecommPlan-en-US\"> </a><p><b>url</b>: <a href=\"PlanDefinition-AntithrombFondapProphInHospitalisedCOVID19PatientsRecommPlan.html\">PlanDefinition Antithrombotic prophylaxis with Fondaparinux in hospitalised COVID-19 patients</a></p><p><b>version</b>: 0.1</p><p><b>name</b>: AntithromboticProphylaxisWithFondaparinux</p><p><b>title</b>: Antithrombotic prophylaxis with Fondaparinux in hospitalised COVID-19 patients</p><p><b>type</b>: <span title=\"Codes:{http://terminology.hl7.org/CodeSystem/plan-definition-type eca-rule}\">ECA Rule</span></p><p><b>status</b>: Active</p><p><b>experimental</b>: true</p><p><b>subject</b>: <a href=\"EvidenceVariable-PopHospitalisedCOVID19PatientsWithContraIndications.html\">Population: Hospitalised COVID-19 patients with existing contraindications to LWMH</a></p><p><b>date</b>: 2022-04-27</p><p><b>publisher</b>: NUM CODEX+ CELIDA</p><p><b>description</b>: </p><div><p>Antithrombotic prophylaxis with Fondaparinux in hospitalised COVID-19 patients</p>\n</div><blockquote><p><b>action</b></p><p><b>code</b>: <span title=\"Codes:{http://snomed.info/sct 432102000}\">Administration of substance (procedure)</span></p><p><b>definition</b>: <a href=\"ActivityDefinition-AntithromboticProphylaxisFondaparinuxSubcutaneous.html\">Antithrombotic prophylaxis with Fondaparinux</a></p></blockquote><blockquote><p><b>action</b></p><p><b>code</b>: <span title=\"Codes:{http://snomed.info/sct 432102000}\">Administration of substance (procedure)</span></p><p><b>definition</b>: <a href=\"ActivityDefinition-NoTherapeuticAnticoagulationFondaparinux.html\">NO Therapeutic Anticoagulation Treatment with Fondaparinux</a></p></blockquote></div>"
  },
  "extension" : [{
    "url" : "http://hl7.org/fhir/uv/cpg/StructureDefinition/cpg-knowledgeCapability",
    "valueCode" : "computable"
  },
  {
    "url" : "http://hl7.org/fhir/uv/cpg/StructureDefinition/cpg-knowledgeRepresentationLevel",
    "valueCode" : "structured"
  },
  {
    "url" : "http://hl7.org/fhir/uv/cpg/StructureDefinition/cpg-partOf",
    "valueCanonical" : "https://www.netzwerk-universitaetsmedizin.de/fhir/codex-celida/guideline/covid19-inpatient-therapy/recommendation/prophylactic-anticoagulation"
  },
  {
    "extension" : [{
      "url" : "method",
      "valueCodeableConcept" : {
        "coding" : [{
          "system" : "https://www.netzwerk-universitaetsmedizin.de/fhir/cpg-on-ebm-on-fhir/CodeSystem/cs-action-combination-method",
          "code" : "all"
        }]
      }
    }],
    "url" : "https://www.netzwerk-universitaetsmedizin.de/fhir/cpg-on-ebm-on-fhir/StructureDefinition/ext-action-combination-method"
  }],
  "url" : "https://www.netzwerk-universitaetsmedizin.de/fhir/codex-celida/guideline/covid19-inpatient-therapy/intervention-plan/antithrombotic-prophylaxis-fondaparinux",
  "version" : "0.1",
  "name" : "AntithromboticProphylaxisWithFondaparinux",
  "title" : "Antithrombotic prophylaxis with Fondaparinux in hospitalised COVID-19 patients",
  "type" : {
    "coding" : [{
      "system" : "http://terminology.hl7.org/CodeSystem/plan-definition-type",
      "code" : "eca-rule"
    }]
  },
  "status" : "active",
  "experimental" : true,
  "subjectCanonical" : "https://www.netzwerk-universitaetsmedizin.de/fhir/codex-celida/guideline/covid19-inpatient-therapy/population/hospitalised-covid19-patients-with-LMWH-contraindications",
  "date" : "2022-04-27",
  "publisher" : "NUM CODEX+ CELIDA",
  "description" : "Antithrombotic prophylaxis with Fondaparinux in hospitalised COVID-19 patients",
  "action" : [{
    "code" : {
      "coding" : [{
        "system" : "http://snomed.info/sct",
        "code" : "432102000",
        "display" : "Administration of substance (procedure)"
      }]
    },
    "definitionCanonical" : "https://www.netzwerk-universitaetsmedizin.de/fhir/codex-celida/guideline/covid19-inpatient-therapy/recommended-action/drug-administration-action/antithrombotic-prophylaxis-fondaparinux-administration"
  },
  {
    "code" : {
      "coding" : [{
        "system" : "http://snomed.info/sct",
        "code" : "432102000",
        "display" : "Administration of substance (procedure)"
      }]
    },
    "definitionCanonical" : "https://www.netzwerk-universitaetsmedizin.de/fhir/codex-celida/guideline/covid19-inpatient-therapy/recommended-action/drug-administration-action/no-therapeutic-anticoagulant-fondaparinux-administration"
  }]
}