{
  "resourceType" : "PlanDefinition",
  "id" : "NoTherapeuticAnticoagulationICUCOVID19NoIndicationPlan",
  "meta" : {
    "profile" : ["https://www.netzwerk-universitaetsmedizin.de/fhir/cpg-on-ebm-on-fhir/StructureDefinition/recommendation-plan"]
  },
  "text" : {
    "status" : "generated",
    "div" : "<div xmlns=\"http://www.w3.org/1999/xhtml\"><p class=\"res-header-id\"><b>Generated Narrative: PlanDefinition NoTherapeuticAnticoagulationICUCOVID19NoIndicationPlan</b></p><a name=\"NoTherapeuticAnticoagulationICUCOVID19NoIndicationPlan\"> </a><a name=\"hcNoTherapeuticAnticoagulationICUCOVID19NoIndicationPlan\"> </a><a name=\"NoTherapeuticAnticoagulationICUCOVID19NoIndicationPlan-en-US\"> </a><p><b>url</b>: <a href=\"PlanDefinition-NoTherapeuticAnticoagulationICUCOVID19NoIndicationPlan.html\">PlanDefinition Anticoagulation Plan for hospitalized intensive-care COVID-19 patients with no specific indication</a></p><p><b>identifier</b>: TherapeuticAnticoagulationICUCOVID19NoIndication</p><p><b>version</b>: 7.0</p><p><b>name</b>: Anticoagulation_Plan_No_Specific_Indication</p><p><b>title</b>: Anticoagulation Plan for hospitalized intensive-care COVID-19 patients with no specific indication</p><p><b>type</b>: <span title=\"Codes:{http://terminology.hl7.org/CodeSystem/plan-definition-type eca-rule}\">ECA Rule</span></p><p><b>status</b>: Active</p><p><b>experimental</b>: true</p><p><b>subject</b>: <a href=\"EvidenceVariable-PopHospitalisedICUCOVID19Patients.html\">Hospitalised COVID-19 patients, treated on ICU, without thrombembolic complication</a></p><p><b>date</b>: 2022-02</p><p><b>publisher</b>: NUM CODEX+ CELIDA</p><p><b>description</b>: </p><div><p>In intensive care patients without a specific indication (e.g. pulmonary embolism), therapeutic anticoagulation should not be given.</p>\n</div><blockquote><p><b>goal</b></p><blockquote><p><b>id</b></p>aPTT-goal</blockquote><p><b>category</b>: <span title=\"Codes:{http://snomed.info/sct 410394004}\">Lab findings surveillance (regime/therapy)</span></p><p><b>description</b>: <span title=\"Codes:\">aPTT value should not be &gt; 50 sec.</span></p><h3>Targets</h3><table class=\"grid\"><tr><td style=\"display: none\">-</td><td><b>Measure</b></td><td><b>Detail[x]</b></td></tr><tr><td style=\"display: none\">*</td><td><span title=\"Codes:{http://loinc.org 3173-2}\">aPTT in Blood by Coagulation assay</span></td><td>50-? sec</td></tr></table></blockquote><blockquote><p><b>action</b></p><p><b>code</b>: <span title=\"Codes:{http://snomed.info/sct 432102000}\">Administration of substance (procedure)</span></p><p><b>goalId</b>: aPTT-goal</p><p><b>definition</b>: <a href=\"ActivityDefinition-NoTherapeuticAnticoagulationWUFH.html\">No Therapeutic Anticoagulation Treatment with UFH</a></p></blockquote><blockquote><p><b>action</b></p><p><b>code</b>: <span title=\"Codes:{http://snomed.info/sct 432102000}\">Administration of substance (procedure)</span></p><p><b>definition</b>: <a href=\"ActivityDefinition-NoTherapeuticAnticoagulationWDalteparin1xd.html\">No Therapeutic Anticoagulation Treatment with Dalteparin</a></p></blockquote><blockquote><p><b>action</b></p><p><b>code</b>: <span title=\"Codes:{http://snomed.info/sct 432102000}\">Administration of substance (procedure)</span></p><p><b>definition</b>: <a href=\"ActivityDefinition-NoTherapeuticAnticoagulationWDalteparin2xd.html\">No Therapeutic Anticoagulation Treatment with Dalteparin</a></p></blockquote><blockquote><p><b>action</b></p><p><b>code</b>: <span title=\"Codes:{http://snomed.info/sct 432102000}\">Administration of substance (procedure)</span></p><p><b>definition</b>: <a href=\"ActivityDefinition-NoTherapeuticAnticoagulationWDalteparinTable.html\">No Therapeutic Anticoagulation Treatment with Dalteparin</a></p></blockquote><blockquote><p><b>action</b></p><p><b>code</b>: <span title=\"Codes:{http://snomed.info/sct 432102000}\">Administration of substance (procedure)</span></p><p><b>definition</b>: <a href=\"ActivityDefinition-NoTherapeuticAnticoagulationWNadroparin.html\">No Therapeutic Anticoagulation Treatment with Nadroparin</a></p></blockquote><blockquote><p><b>action</b></p><p><b>code</b>: <span title=\"Codes:{http://snomed.info/sct 432102000}\">Administration of substance (procedure)</span></p><p><b>definition</b>: <a href=\"ActivityDefinition-NoTherapeuticAnticoagulationWEnoxaparin1xd.html\">No Therapeutic Anticoagulation Treatment with Enoxaparin</a></p></blockquote><blockquote><p><b>action</b></p><p><b>code</b>: <span title=\"Codes:{http://snomed.info/sct 432102000}\">Administration of substance (procedure)</span></p><p><b>definition</b>: <a href=\"ActivityDefinition-NoTherapeuticAnticoagulationWEnoxaparin2xd.html\">No Therapeutic Anticoagulation Treatment with Enoxaparin</a></p></blockquote><blockquote><p><b>action</b></p><p><b>code</b>: <span title=\"Codes:{http://snomed.info/sct 432102000}\">Administration of substance (procedure)</span></p><p><b>definition</b>: <a href=\"ActivityDefinition-NoTherapeuticAnticoagulationWCertoparin.html\">No Therapeutic Anticoagulation Treatment with Certoparin</a></p></blockquote><blockquote><p><b>action</b></p><p><b>code</b>: <span title=\"Codes:{http://snomed.info/sct 432102000}\">Administration of substance (procedure)</span></p><p><b>goalId</b>: aPTT-goal</p><p><b>definition</b>: <a href=\"ActivityDefinition-NoTherapeuticAnticoagulationWArgatra.html\">No Therapeutic Anticoagulation Treatment with Argatroban</a></p></blockquote><blockquote><p><b>action</b></p><p><b>code</b>: <span title=\"Codes:{http://snomed.info/sct 432102000}\">Administration of substance (procedure)</span></p><p><b>definition</b>: <a href=\"ActivityDefinition-NoTherapeuticAnticoagulationWTinzaparin.html\">No Therapeutic Anticoagulation Treatment with Tinzaparin</a></p></blockquote><blockquote><p><b>action</b></p><p><b>code</b>: <span title=\"Codes:{http://snomed.info/sct 432102000}\">Administration of substance (procedure)</span></p><p><b>definition</b>: <a href=\"ActivityDefinition-NoTherapeuticAnticoagulationFondaparinux.html\">NO Therapeutic Anticoagulation Treatment with Fondaparinux</a></p></blockquote></div>"
  },
  "extension" : [{
    "url" : "http://hl7.org/fhir/uv/cpg/StructureDefinition/cpg-knowledgeCapability",
    "valueCode" : "computable"
  },
  {
    "url" : "http://hl7.org/fhir/uv/cpg/StructureDefinition/cpg-knowledgeRepresentationLevel",
    "valueCode" : "structured"
  },
  {
    "url" : "http://hl7.org/fhir/uv/cpg/StructureDefinition/cpg-partOf",
    "valueCanonical" : "https://www.netzwerk-universitaetsmedizin.de/fhir/codex-celida/guideline/covid19-inpatient-therapy/recommendation/no-therapeutic-anticoagulation"
  },
  {
    "extension" : [{
      "url" : "method",
      "valueCodeableConcept" : {
        "coding" : [{
          "system" : "https://www.netzwerk-universitaetsmedizin.de/fhir/cpg-on-ebm-on-fhir/CodeSystem/cs-action-combination-method",
          "code" : "all"
        }]
      }
    }],
    "url" : "https://www.netzwerk-universitaetsmedizin.de/fhir/cpg-on-ebm-on-fhir/StructureDefinition/ext-action-combination-method"
  }],
  "url" : "https://www.netzwerk-universitaetsmedizin.de/fhir/codex-celida/guideline/covid19-inpatient-therapy/intervention-plan/no-therapeutic-anticoagulation",
  "identifier" : [{
    "value" : "TherapeuticAnticoagulationICUCOVID19NoIndication"
  }],
  "version" : "7.0",
  "name" : "Anticoagulation_Plan_No_Specific_Indication",
  "title" : "Anticoagulation Plan for hospitalized intensive-care COVID-19 patients with no specific indication",
  "type" : {
    "coding" : [{
      "system" : "http://terminology.hl7.org/CodeSystem/plan-definition-type",
      "code" : "eca-rule"
    }]
  },
  "status" : "active",
  "experimental" : true,
  "subjectCanonical" : "https://www.netzwerk-universitaetsmedizin.de/fhir/codex-celida/guideline/covid19-inpatient-therapy/population/hospitalised-icu-covid19-patients-without-thrombembolic-complication",
  "date" : "2022-02",
  "publisher" : "NUM CODEX+ CELIDA",
  "description" : "In intensive care patients without a specific indication (e.g. pulmonary embolism), therapeutic anticoagulation should not be given.",
  "goal" : [{
    "id" : "aPTT-goal",
    "category" : {
      "coding" : [{
        "system" : "http://snomed.info/sct",
        "code" : "410394004",
        "display" : "Lab findings surveillance (regime/therapy)"
      }]
    },
    "description" : {
      "text" : "aPTT value should not be > 50 sec."
    },
    "target" : [{
      "measure" : {
        "coding" : [{
          "system" : "http://loinc.org",
          "code" : "3173-2",
          "display" : "aPTT in Blood by Coagulation assay"
        }]
      },
      "detailRange" : {
        "low" : {
          "value" : 50,
          "unit" : "sec",
          "system" : "http://unitsofmeasure.org",
          "code" : "s"
        }
      }
    }]
  }],
  "action" : [{
    "code" : {
      "coding" : [{
        "system" : "http://snomed.info/sct",
        "code" : "432102000",
        "display" : "Administration of substance (procedure)"
      }]
    },
    "goalId" : ["aPTT-goal"],
    "definitionCanonical" : "https://www.netzwerk-universitaetsmedizin.de/fhir/codex-celida/guideline/covid19-inpatient-therapy/recommended-action/drug-administration-action/no-therapeutic-anticoagulant-UFH-administration"
  },
  {
    "code" : {
      "coding" : [{
        "system" : "http://snomed.info/sct",
        "code" : "432102000",
        "display" : "Administration of substance (procedure)"
      }]
    },
    "definitionCanonical" : "https://www.netzwerk-universitaetsmedizin.de/fhir/codex-celida/guideline/covid19-inpatient-therapy/recommended-action/drug-administration-action/no-therapeutic-anticoagulant-dalteparin-administration-1xd"
  },
  {
    "code" : {
      "coding" : [{
        "system" : "http://snomed.info/sct",
        "code" : "432102000",
        "display" : "Administration of substance (procedure)"
      }]
    },
    "definitionCanonical" : "https://www.netzwerk-universitaetsmedizin.de/fhir/codex-celida/guideline/covid19-inpatient-therapy/recommended-action/drug-administration-action/no-therapeutic-anticoagulant-dalteparin-administration-2xd"
  },
  {
    "code" : {
      "coding" : [{
        "system" : "http://snomed.info/sct",
        "code" : "432102000",
        "display" : "Administration of substance (procedure)"
      }]
    },
    "definitionCanonical" : "https://www.netzwerk-universitaetsmedizin.de/fhir/codex-celida/guideline/covid19-inpatient-therapy/recommended-action/drug-administration-action/no-therapeutic-anticoagulant-dalteparin-administration-table"
  },
  {
    "code" : {
      "coding" : [{
        "system" : "http://snomed.info/sct",
        "code" : "432102000",
        "display" : "Administration of substance (procedure)"
      }]
    },
    "definitionCanonical" : "https://www.netzwerk-universitaetsmedizin.de/fhir/codex-celida/guideline/covid19-inpatient-therapy/recommended-action/drug-administration-action/no-therapeutic-anticoagulant-nadroparin-administration"
  },
  {
    "code" : {
      "coding" : [{
        "system" : "http://snomed.info/sct",
        "code" : "432102000",
        "display" : "Administration of substance (procedure)"
      }]
    },
    "definitionCanonical" : "https://www.netzwerk-universitaetsmedizin.de/fhir/codex-celida/guideline/covid19-inpatient-therapy/recommended-action/drug-administration-action/no-therapeutic-anticoagulant-enoxaparin-administration-1xd"
  },
  {
    "code" : {
      "coding" : [{
        "system" : "http://snomed.info/sct",
        "code" : "432102000",
        "display" : "Administration of substance (procedure)"
      }]
    },
    "definitionCanonical" : "https://www.netzwerk-universitaetsmedizin.de/fhir/codex-celida/guideline/covid19-inpatient-therapy/recommended-action/drug-administration-action/no-therapeutic-anticoagulant-enoxaparin-administration-2xd"
  },
  {
    "code" : {
      "coding" : [{
        "system" : "http://snomed.info/sct",
        "code" : "432102000",
        "display" : "Administration of substance (procedure)"
      }]
    },
    "definitionCanonical" : "https://www.netzwerk-universitaetsmedizin.de/fhir/codex-celida/guideline/covid19-inpatient-therapy/recommended-action/drug-administration-action/no-therapeutic-anticoagulant-certoparin-administration"
  },
  {
    "code" : {
      "coding" : [{
        "system" : "http://snomed.info/sct",
        "code" : "432102000",
        "display" : "Administration of substance (procedure)"
      }]
    },
    "goalId" : ["aPTT-goal"],
    "definitionCanonical" : "https://www.netzwerk-universitaetsmedizin.de/fhir/codex-celida/guideline/covid19-inpatient-therapy/recommended-action/drug-administration-action/no-therapeutic-anticoagulant-argatroban-administration"
  },
  {
    "code" : {
      "coding" : [{
        "system" : "http://snomed.info/sct",
        "code" : "432102000",
        "display" : "Administration of substance (procedure)"
      }]
    },
    "definitionCanonical" : "https://www.netzwerk-universitaetsmedizin.de/fhir/codex-celida/guideline/covid19-inpatient-therapy/recommended-action/drug-administration-action/no-therapeutic-anticoagulant-tinzaparin-administration"
  },
  {
    "code" : {
      "coding" : [{
        "system" : "http://snomed.info/sct",
        "code" : "432102000",
        "display" : "Administration of substance (procedure)"
      }]
    },
    "definitionCanonical" : "https://www.netzwerk-universitaetsmedizin.de/fhir/codex-celida/guideline/covid19-inpatient-therapy/recommended-action/drug-administration-action/no-therapeutic-anticoagulant-fondaparinux-administration"
  }]
}