{
  "resourceType" : "PlanDefinition",
  "id" : "RecommendationCollectionVentilationCOVID19patientsWithARDS",
  "meta" : {
    "profile" : ["https://www.netzwerk-universitaetsmedizin.de/fhir/cpg-on-ebm-on-fhir/StructureDefinition/recommendation"]
  },
  "text" : {
    "status" : "generated",
    "div" : "<div xmlns=\"http://www.w3.org/1999/xhtml\"><p class=\"res-header-id\"><b>Generated Narrative: PlanDefinition RecommendationCollectionVentilationCOVID19patientsWithARDS</b></p><a name=\"RecommendationCollectionVentilationCOVID19patientsWithARDS\"> </a><a name=\"hcRecommendationCollectionVentilationCOVID19patientsWithARDS\"> </a><a name=\"RecommendationCollectionVentilationCOVID19patientsWithARDS-en-US\"> </a><p><b>url</b>: <a href=\"PlanDefinition-RecommendationCollectionVentilationCOVID19patientsWithARDS.html\">PlanDefinition Tidal volume / end-inspiratory airway pressure for ventilated COVID-19 patients with ARDS</a></p><p><b>version</b>: 1.0</p><p><b>name</b>: 35 - Tidal Volume</p><p><b>title</b>: Tidal volume / end-inspiratory airway pressure for ventilated COVID-19 patients with ARDS</p><p><b>type</b>: <span title=\"Codes:{http://terminology.hl7.org/CodeSystem/plan-definition-type workflow-definition}\">Workflow Definition</span></p><p><b>status</b>: Active</p><p><b>experimental</b>: true</p><p><b>date</b>: 2022-02-14</p><p><b>publisher</b>: Deutsche Gesellschaft für Internistische Intensivmedizin und Notfallmedizin e.V. (DGIIN)</p><p><b>description</b>: </p><div><p>Bei beatmeten Patienten mit COVID-19 und ARDS sollte das Tidalvolumen ≤ 6 ml/kg Standardkörpergewicht betragen, der endinspiratorische Atemwegsdruck ≤ 30 cm H2O.</p>\n</div><h3>Actions</h3><table class=\"grid\"><tr><td style=\"display: none\">-</td><td><b>Title</b></td><td><b>Description</b></td><td><b>Code</b></td><td><b>Definition[x]</b></td></tr><tr><td style=\"display: none\">*</td><td>Ventilation_Plan</td><td><div><p>In ventilated patients with COVID-19 and ARDS, tidal volume should be ≤ 6 ml/kg standard body weight, end-inspiratory airway pressure ≤ 30 cm H2O.</p>\n</div></td><td><span title=\"Codes:{http://hl7.org/fhir/uv/cpg/CodeSystem/cpg-common-process guideline-based-care}\">Guideline-based Care</span></td><td><a href=\"PlanDefinition-VentilatedCOVID19PatientsWithARDSVentilationPlan.html\">Ventilation parameters for COVID-19 patients with ARDS</a></td></tr></table></div>"
  },
  "extension" : [{
    "url" : "http://hl7.org/fhir/uv/cpg/StructureDefinition/cpg-knowledgeCapability",
    "valueCode" : "computable"
  },
  {
    "url" : "http://hl7.org/fhir/uv/cpg/StructureDefinition/cpg-knowledgeRepresentationLevel",
    "valueCode" : "structured"
  },
  {
    "extension" : [{
      "url" : "method",
      "valueCodeableConcept" : {
        "coding" : [{
          "system" : "https://www.netzwerk-universitaetsmedizin.de/fhir/cpg-on-ebm-on-fhir/CodeSystem/cs-action-combination-method",
          "code" : "exactly"
        }]
      }
    },
    {
      "url" : "threshold",
      "valuePositiveInt" : 1
    }],
    "url" : "https://www.netzwerk-universitaetsmedizin.de/fhir/cpg-on-ebm-on-fhir/StructureDefinition/ext-action-combination-method"
  }],
  "url" : "https://www.netzwerk-universitaetsmedizin.de/fhir/codex-celida/guideline/covid19-inpatient-therapy/recommendation/ventilation-plan-ards-tidal-volume",
  "version" : "1.0",
  "name" : "35 - Tidal Volume",
  "title" : "Tidal volume / end-inspiratory airway pressure for ventilated COVID-19 patients with ARDS",
  "type" : {
    "coding" : [{
      "system" : "http://terminology.hl7.org/CodeSystem/plan-definition-type",
      "code" : "workflow-definition"
    }]
  },
  "status" : "active",
  "experimental" : true,
  "date" : "2022-02-14",
  "publisher" : "Deutsche Gesellschaft für Internistische Intensivmedizin und Notfallmedizin e.V. (DGIIN)",
  "description" : "Bei beatmeten Patienten mit COVID-19 und ARDS sollte das Tidalvolumen ≤ 6 ml/kg Standardkörpergewicht betragen, der endinspiratorische Atemwegsdruck ≤ 30 cm H2O.",
  "action" : [{
    "title" : "Ventilation_Plan",
    "description" : "In ventilated patients with COVID-19 and ARDS, tidal volume should be ≤ 6 ml/kg standard body weight, end-inspiratory airway pressure ≤ 30 cm H2O.",
    "code" : {
      "coding" : [{
        "system" : "http://hl7.org/fhir/uv/cpg/CodeSystem/cpg-common-process",
        "code" : "guideline-based-care"
      }]
    },
    "definitionCanonical" : "https://www.netzwerk-universitaetsmedizin.de/fhir/codex-celida/guideline/covid19-inpatient-therapy/intervention-plan/ventilation-plan"
  }]
}